,mse_id,GT,value,ZT,hour,Cond,date
0,1128-15M,WT,4.750332663242783,0:00:00,11:00:00,CNO,2018-09-17
1,1128-15M,WT,51.50789180954218,0:10:00,11:10:00,CNO,2018-09-17
2,1128-15M,WT,57.704320069760186,0:20:00,11:20:00,CNO,2018-09-17
3,1128-15M,WT,45.14638002205651,0:30:00,11:30:00,CNO,2018-09-17
4,1128-15M,WT,37.31724097824745,0:40:00,11:40:00,CNO,2018-09-17
5,1128-15M,WT,33.875534387436176,0:50:00,11:50:00,CNO,2018-09-17
6,1128-15M,WT,29.62771519914304,1:00:00,12:00:00,CNO,2018-09-17
7,1128-15M,WT,46.78248088580077,1:10:00,12:10:00,CNO,2018-09-17
8,1128-15M,WT,39.795869971882574,1:20:00,12:20:00,CNO,2018-09-17
9,1128-15M,WT,31.969851975545733,1:30:00,12:30:00,CNO,2018-09-17
10,1128-15M,WT,75.49295696496915,1:40:00,12:40:00,CNO,2018-09-17
11,1128-15M,WT,33.917999817488486,1:50:00,12:50:00,CNO,2018-09-17
12,1128-15M,WT,43.30413100094568,2:00:00,13:00:00,CNO,2018-09-17
13,1128-15M,WT,44.77334982772253,2:10:00,13:10:00,CNO,2018-09-17
14,1128-15M,WT,36.0242668347234,2:20:00,13:20:00,CNO,2018-09-17
15,1128-15M,WT,39.66054024757226,2:30:00,13:30:00,CNO,2018-09-17
16,1128-15M,WT,24.520892586362663,2:40:00,13:40:00,CNO,2018-09-17
17,1128-15M,WT,37.356359366797726,2:50:00,13:50:00,CNO,2018-09-17
18,1128-15M,WT,20.06558447867484,3:00:00,14:00:00,CNO,2018-09-17
19,1128-15M,WT,19.24745008630661,3:10:00,14:10:00,CNO,2018-09-17
20,1128-15M,WT,21.0698807975836,3:20:00,14:20:00,CNO,2018-09-17
21,1128-15M,WT,23.683433091964165,3:30:00,14:30:00,CNO,2018-09-17
22,1128-15M,WT,34.03038957466142,3:40:00,14:40:00,CNO,2018-09-17
23,1128-15M,WT,17.652530208038918,3:50:00,14:50:00,CNO,2018-09-17
24,1128-15M,WT,16.22589407579489,4:00:00,15:00:00,CNO,2018-09-17
25,1128-15M,WT,13.953209764300738,4:10:00,15:10:00,CNO,2018-09-17
26,1128-15M,WT,17.19398604419914,4:20:00,15:20:00,CNO,2018-09-17
27,1128-15M,WT,5.629905739546784,4:30:00,15:30:00,CNO,2018-09-17
28,1128-15M,WT,9.644432433311522,4:40:00,15:40:00,CNO,2018-09-17
29,1128-15M,WT,13.505801501479462,4:50:00,15:50:00,CNO,2018-09-17
30,1128-15M,WT,30.34948386565968,5:00:00,11:00:00,SAL,2018-09-21
31,1128-15M,WT,18.324267176413425,5:10:00,11:10:00,SAL,2018-09-21
32,1128-15M,WT,7.755367024719633,5:20:00,11:20:00,SAL,2018-09-21
33,1128-15M,WT,10.832763125297024,5:30:00,11:30:00,SAL,2018-09-21
34,1128-15M,WT,1.7896817464221946,5:40:00,11:40:00,SAL,2018-09-21
35,1128-15M,WT,3.641747813709521,5:50:00,11:50:00,SAL,2018-09-21
36,1128-15M,WT,4.719473557013503,6:00:00,12:00:00,SAL,2018-09-21
37,1128-15M,WT,11.633114035827886,6:10:00,12:10:00,SAL,2018-09-21
38,1128-15M,WT,4.138655841350939,6:20:00,12:20:00,SAL,2018-09-21
39,1128-15M,WT,11.022566989446744,6:30:00,12:30:00,SAL,2018-09-21
40,1128-15M,WT,11.52992326795744,6:40:00,12:40:00,SAL,2018-09-21
41,1128-15M,WT,3.073123651731592,6:50:00,12:50:00,SAL,2018-09-21
42,1128-15M,WT,2.870773599890177,7:00:00,13:00:00,SAL,2018-09-21
43,1128-15M,WT,2.399837161288915,7:10:00,13:10:00,SAL,2018-09-21
44,1128-15M,WT,1.8148176553408968,7:20:00,13:20:00,SAL,2018-09-21
45,1128-15M,WT,1.5893968227519863,7:30:00,13:30:00,SAL,2018-09-21
46,1128-15M,WT,1.5747314497850768,7:40:00,13:40:00,SAL,2018-09-21
47,1128-15M,WT,12.393816588090855,7:50:00,13:50:00,SAL,2018-09-21
48,1128-15M,WT,9.664263578365732,8:00:00,14:00:00,SAL,2018-09-21
49,1128-15M,WT,13.637953798913305,8:10:00,14:10:00,SAL,2018-09-21
50,1128-15M,WT,3.756913249574172,8:20:00,14:20:00,SAL,2018-09-21
51,1128-15M,WT,2.019944813994247,8:30:00,14:30:00,SAL,2018-09-21
52,1128-15M,WT,1.8525492474251424,8:40:00,14:40:00,SAL,2018-09-21
53,1128-15M,WT,2.169014293920482,8:50:00,14:50:00,SAL,2018-09-21
54,1128-15M,WT,1.91399244596428,9:00:00,15:00:00,SAL,2018-09-21
55,1128-15M,WT,3.362156387927588,9:10:00,15:10:00,SAL,2018-09-21
56,1128-15M,WT,4.350014846175252,9:20:00,15:20:00,SAL,2018-09-21
57,1128-15M,WT,3.0402253263003614,9:30:00,15:30:00,SAL,2018-09-21
58,1128-15M,WT,1.5650556137537044,9:40:00,15:40:00,SAL,2018-09-21
59,1128-15M,WT,1.593031046793743,9:50:00,15:50:00,SAL,2018-09-21
60,1128-16F,WT,39.88433726775581,0:00:00,11:00:00,CNO,2018-09-21
61,1128-16F,WT,32.251040133260055,0:10:00,11:10:00,CNO,2018-09-21
62,1128-16F,WT,40.60586603030938,0:20:00,11:20:00,CNO,2018-09-21
63,1128-16F,WT,47.19345062720383,0:30:00,11:30:00,CNO,2018-09-21
64,1128-16F,WT,58.22104410563436,0:40:00,11:40:00,CNO,2018-09-21
65,1128-16F,WT,58.62005541297732,0:50:00,11:50:00,CNO,2018-09-21
66,1128-16F,WT,30.557108654935693,1:00:00,12:00:00,CNO,2018-09-21
67,1128-16F,WT,60.35062367667614,1:10:00,12:10:00,CNO,2018-09-21
68,1128-16F,WT,32.421650095942084,1:20:00,12:20:00,CNO,2018-09-21
69,1128-16F,WT,52.05982521061439,1:30:00,12:30:00,CNO,2018-09-21
70,1128-16F,WT,45.14385572022596,1:40:00,12:40:00,CNO,2018-09-21
71,1128-16F,WT,47.005574881266405,1:50:00,12:50:00,CNO,2018-09-21
72,1128-16F,WT,66.43872935135539,2:00:00,13:00:00,CNO,2018-09-21
73,1128-16F,WT,45.9199513794158,2:10:00,13:10:00,CNO,2018-09-21
74,1128-16F,WT,59.93475838072727,2:20:00,13:20:00,CNO,2018-09-21
75,1128-16F,WT,58.446420183023776,2:30:00,13:30:00,CNO,2018-09-21
76,1128-16F,WT,56.19029223828312,2:40:00,13:40:00,CNO,2018-09-21
77,1128-16F,WT,50.46463527514547,2:50:00,13:50:00,CNO,2018-09-21
78,1128-16F,WT,69.44770470194197,3:00:00,14:00:00,CNO,2018-09-21
79,1128-16F,WT,49.97469124666733,3:10:00,14:10:00,CNO,2018-09-21
80,1128-16F,WT,44.092396707658295,3:20:00,14:20:00,CNO,2018-09-21
81,1128-16F,WT,40.62005117024572,3:30:00,14:30:00,CNO,2018-09-21
82,1128-16F,WT,34.76989178823205,3:40:00,14:40:00,CNO,2018-09-21
83,1128-16F,WT,34.7333514015604,3:50:00,14:50:00,CNO,2018-09-21
84,1128-16F,WT,37.67891825166385,4:00:00,15:00:00,CNO,2018-09-21
85,1128-16F,WT,27.27984847450456,4:10:00,15:10:00,CNO,2018-09-21
86,1128-16F,WT,19.818884914473344,4:20:00,15:20:00,CNO,2018-09-21
87,1128-16F,WT,20.64031417201217,4:30:00,15:30:00,CNO,2018-09-21
88,1128-16F,WT,31.452601673903462,4:40:00,15:40:00,CNO,2018-09-21
89,1128-16F,WT,21.00894562990424,4:50:00,15:50:00,CNO,2018-09-21
90,1128-16F,WT,9.40105197412139,5:00:00,11:00:00,SAL,2018-09-17
91,1128-16F,WT,42.74647146793376,5:10:00,11:10:00,SAL,2018-09-17
92,1128-16F,WT,32.41172261407856,5:20:00,11:20:00,SAL,2018-09-17
93,1128-16F,WT,12.297401999210644,5:30:00,11:30:00,SAL,2018-09-17
94,1128-16F,WT,1.4673824300681464,5:40:00,11:40:00,SAL,2018-09-17
95,1128-16F,WT,2.1468908454805904,5:50:00,11:50:00,SAL,2018-09-17
96,1128-16F,WT,2.1849008387685145,6:00:00,12:00:00,SAL,2018-09-17
97,1128-16F,WT,3.8325675461968833,6:10:00,12:10:00,SAL,2018-09-17
98,1128-16F,WT,1.7910945067689263,6:20:00,12:20:00,SAL,2018-09-17
99,1128-16F,WT,1.5404944197734514,6:30:00,12:30:00,SAL,2018-09-17
100,1128-16F,WT,15.40331805388955,6:40:00,12:40:00,SAL,2018-09-17
101,1128-16F,WT,22.79929573588108,6:50:00,12:50:00,SAL,2018-09-17
102,1128-16F,WT,5.051206452902791,7:00:00,13:00:00,SAL,2018-09-17
103,1128-16F,WT,2.222599952651852,7:10:00,13:10:00,SAL,2018-09-17
104,1128-16F,WT,1.7330204804603164,7:20:00,13:20:00,SAL,2018-09-17
105,1128-16F,WT,1.7589013801364062,7:30:00,13:30:00,SAL,2018-09-17
106,1128-16F,WT,1.7830105823534566,7:40:00,13:40:00,SAL,2018-09-17
107,1128-16F,WT,2.193963333377823,7:50:00,13:50:00,SAL,2018-09-17
108,1128-16F,WT,1.7476991091906011,8:00:00,14:00:00,SAL,2018-09-17
109,1128-16F,WT,11.013253416214768,8:10:00,14:10:00,SAL,2018-09-17
110,1128-16F,WT,24.83518641827169,8:20:00,14:20:00,SAL,2018-09-17
111,1128-16F,WT,9.917077882380427,8:30:00,14:30:00,SAL,2018-09-17
112,1128-16F,WT,3.96662289815701,8:40:00,14:40:00,SAL,2018-09-17
113,1128-16F,WT,1.5891541149360862,8:50:00,14:50:00,SAL,2018-09-17
114,1128-16F,WT,1.8523741884542475,9:00:00,15:00:00,SAL,2018-09-17
115,1128-16F,WT,1.6728056327145011,9:10:00,15:10:00,SAL,2018-09-17
116,1128-16F,WT,1.811416570708041,9:20:00,15:20:00,SAL,2018-09-17
117,1128-16F,WT,2.000125526549723,9:30:00,15:30:00,SAL,2018-09-17
118,1128-16F,WT,1.5225278263788926,9:40:00,15:40:00,SAL,2018-09-17
119,1128-16F,WT,1.8525793153076588,9:50:00,15:50:00,SAL,2018-09-17
120,1130-3F,WT,16.47099747712117,0:00:00,11:00:00,CNO,2018-09-17
121,1130-3F,WT,42.63245154427545,0:10:00,11:10:00,CNO,2018-09-17
122,1130-3F,WT,44.95195401428369,0:20:00,11:20:00,CNO,2018-09-17
123,1130-3F,WT,53.43335376604135,0:30:00,11:30:00,CNO,2018-09-17
124,1130-3F,WT,41.28446354485604,0:40:00,11:40:00,CNO,2018-09-17
125,1130-3F,WT,40.04493041943597,0:50:00,11:50:00,CNO,2018-09-17
126,1130-3F,WT,48.35256379511991,1:00:00,12:00:00,CNO,2018-09-17
127,1130-3F,WT,36.500332349832085,1:10:00,12:10:00,CNO,2018-09-17
128,1130-3F,WT,49.060080755203565,1:20:00,12:20:00,CNO,2018-09-17
129,1130-3F,WT,35.540563910972175,1:30:00,12:30:00,CNO,2018-09-17
130,1130-3F,WT,36.98221271449249,1:40:00,12:40:00,CNO,2018-09-17
131,1130-3F,WT,46.11301760884725,1:50:00,12:50:00,CNO,2018-09-17
132,1130-3F,WT,44.2578276082676,2:00:00,13:00:00,CNO,2018-09-17
133,1130-3F,WT,35.50164254851567,2:10:00,13:10:00,CNO,2018-09-17
134,1130-3F,WT,37.958574289528826,2:20:00,13:20:00,CNO,2018-09-17
135,1130-3F,WT,41.52831555662485,2:30:00,13:30:00,CNO,2018-09-17
136,1130-3F,WT,36.379583319808766,2:40:00,13:40:00,CNO,2018-09-17
137,1130-3F,WT,25.56427116317665,2:50:00,13:50:00,CNO,2018-09-17
138,1130-3F,WT,18.83075348347802,3:00:00,14:00:00,CNO,2018-09-17
139,1130-3F,WT,29.710789839131305,3:10:00,14:10:00,CNO,2018-09-17
140,1130-3F,WT,32.14098329394798,3:20:00,14:20:00,CNO,2018-09-17
141,1130-3F,WT,18.43290418701101,3:30:00,14:30:00,CNO,2018-09-17
142,1130-3F,WT,32.304177226836444,3:40:00,14:40:00,CNO,2018-09-17
143,1130-3F,WT,34.61984291065947,3:50:00,14:50:00,CNO,2018-09-17
144,1130-3F,WT,17.953966880564774,4:00:00,15:00:00,CNO,2018-09-17
145,1130-3F,WT,15.05248611852648,4:10:00,15:10:00,CNO,2018-09-17
146,1130-3F,WT,13.27458884136039,4:20:00,15:20:00,CNO,2018-09-17
147,1130-3F,WT,7.350762434463089,4:30:00,15:30:00,CNO,2018-09-17
148,1130-3F,WT,2.1912635074324114,4:40:00,15:40:00,CNO,2018-09-17
149,1130-3F,WT,6.877117725136784,4:50:00,15:50:00,CNO,2018-09-17
150,1130-3F,WT,38.53602968043324,5:00:00,11:00:00,SAL,2018-09-21
151,1130-3F,WT,24.22881328361702,5:10:00,11:10:00,SAL,2018-09-21
152,1130-3F,WT,13.957502090062524,5:20:00,11:20:00,SAL,2018-09-21
153,1130-3F,WT,2.8005438790178308,5:30:00,11:30:00,SAL,2018-09-21
154,1130-3F,WT,2.6260821928609057,5:40:00,11:40:00,SAL,2018-09-21
155,1130-3F,WT,1.8313996120371976,5:50:00,11:50:00,SAL,2018-09-21
156,1130-3F,WT,18.39567100381283,6:00:00,12:00:00,SAL,2018-09-21
157,1130-3F,WT,5.339391103251837,6:10:00,12:10:00,SAL,2018-09-21
158,1130-3F,WT,9.661348096627812,6:20:00,12:20:00,SAL,2018-09-21
159,1130-3F,WT,1.5785385076082383,6:30:00,12:30:00,SAL,2018-09-21
160,1130-3F,WT,11.69430088859323,6:40:00,12:40:00,SAL,2018-09-21
161,1130-3F,WT,7.388906554524676,6:50:00,12:50:00,SAL,2018-09-21
162,1130-3F,WT,4.339100372714878,7:00:00,13:00:00,SAL,2018-09-21
163,1130-3F,WT,21.7260753137627,7:10:00,13:10:00,SAL,2018-09-21
164,1130-3F,WT,2.954877939399172,7:20:00,13:20:00,SAL,2018-09-21
165,1130-3F,WT,1.6612418235751545,7:30:00,13:30:00,SAL,2018-09-21
166,1130-3F,WT,2.118291285990783,7:40:00,13:40:00,SAL,2018-09-21
167,1130-3F,WT,1.6197619627831903,7:50:00,13:50:00,SAL,2018-09-21
168,1130-3F,WT,3.5409022575598,8:00:00,14:00:00,SAL,2018-09-21
169,1130-3F,WT,10.777625980765317,8:10:00,14:10:00,SAL,2018-09-21
170,1130-3F,WT,5.947109467311126,8:20:00,14:20:00,SAL,2018-09-21
171,1130-3F,WT,1.5370654976335243,8:30:00,14:30:00,SAL,2018-09-21
172,1130-3F,WT,1.702097634143504,8:40:00,14:40:00,SAL,2018-09-21
173,1130-3F,WT,3.039840295244425,8:50:00,14:50:00,SAL,2018-09-21
174,1130-3F,WT,5.542404483339052,9:00:00,15:00:00,SAL,2018-09-21
175,1130-3F,WT,1.547619787531412,9:10:00,15:10:00,SAL,2018-09-21
176,1130-3F,WT,1.8102523220585536,9:20:00,15:20:00,SAL,2018-09-21
177,1130-3F,WT,15.658661087762267,9:30:00,15:30:00,SAL,2018-09-21
178,1130-3F,WT,21.322329345803688,9:40:00,15:40:00,SAL,2018-09-21
179,1130-3F,WT,2.3861259746458123,9:50:00,15:50:00,SAL,2018-09-21
180,1131-5F,WT,21.84204659941508,0:00:00,11:00:00,CNO,2018-10-17
181,1131-5F,WT,27.52836743019242,0:10:00,11:10:00,CNO,2018-10-17
182,1131-5F,WT,41.17910989686571,0:20:00,11:20:00,CNO,2018-10-17
183,1131-5F,WT,23.710632408961235,0:30:00,11:30:00,CNO,2018-10-17
184,1131-5F,WT,13.860887914330718,0:40:00,11:40:00,CNO,2018-10-17
185,1131-5F,WT,10.165042858409937,0:50:00,11:50:00,CNO,2018-10-17
186,1131-5F,WT,7.468108739361688,1:00:00,12:00:00,CNO,2018-10-17
187,1131-5F,WT,18.42988481620953,1:10:00,12:10:00,CNO,2018-10-17
188,1131-5F,WT,10.167039179822735,1:20:00,12:20:00,CNO,2018-10-17
189,1131-5F,WT,11.928885973855069,1:30:00,12:30:00,CNO,2018-10-17
190,1131-5F,WT,5.3510720937736505,1:40:00,12:40:00,CNO,2018-10-17
191,1131-5F,WT,7.696608252400027,1:50:00,12:50:00,CNO,2018-10-17
192,1131-5F,WT,22.449077552055265,2:00:00,13:00:00,CNO,2018-10-17
193,1131-5F,WT,9.34283268542318,2:10:00,13:10:00,CNO,2018-10-17
194,1131-5F,WT,2.7668583875780466,2:20:00,13:20:00,CNO,2018-10-17
195,1131-5F,WT,3.478161880331417,2:30:00,13:30:00,CNO,2018-10-17
196,1131-5F,WT,2.664364825728242,2:40:00,13:40:00,CNO,2018-10-17
197,1131-5F,WT,7.230353684507976,2:50:00,13:50:00,CNO,2018-10-17
198,1131-5F,WT,3.170429078805192,3:00:00,14:00:00,CNO,2018-10-17
199,1131-5F,WT,17.253808939336377,3:10:00,14:10:00,CNO,2018-10-17
200,1131-5F,WT,21.69086327485072,3:20:00,14:20:00,CNO,2018-10-17
201,1131-5F,WT,2.347409950440512,3:30:00,14:30:00,CNO,2018-10-17
202,1131-5F,WT,2.4568296066773216,3:40:00,14:40:00,CNO,2018-10-17
203,1131-5F,WT,2.076946579536165,3:50:00,14:50:00,CNO,2018-10-17
204,1131-5F,WT,2.864984727436997,4:00:00,15:00:00,CNO,2018-10-17
205,1131-5F,WT,2.188350571357609,4:10:00,15:10:00,CNO,2018-10-17
206,1131-5F,WT,14.412969726809628,4:20:00,15:20:00,CNO,2018-10-17
207,1131-5F,WT,1.6059985525426963,4:30:00,15:30:00,CNO,2018-10-17
208,1131-5F,WT,1.9034252325418564,4:40:00,15:40:00,CNO,2018-10-17
209,1131-5F,WT,2.4331176019705394,4:50:00,15:50:00,CNO,2018-10-17
210,1131-5F,WT,22.01124421262659,5:00:00,11:00:00,SAL,2018-10-14
211,1131-5F,WT,13.521961072560275,5:10:00,11:10:00,SAL,2018-10-14
212,1131-5F,WT,1.6868618633729622,5:20:00,11:20:00,SAL,2018-10-14
213,1131-5F,WT,2.437359196581112,5:30:00,11:30:00,SAL,2018-10-14
214,1131-5F,WT,1.6918465320539615,5:40:00,11:40:00,SAL,2018-10-14
215,1131-5F,WT,2.4109117887023817,5:50:00,11:50:00,SAL,2018-10-14
216,1131-5F,WT,1.4891312394598477,6:00:00,12:00:00,SAL,2018-10-14
217,1131-5F,WT,1.4849482219797174,6:10:00,12:10:00,SAL,2018-10-14
218,1131-5F,WT,2.1050450360140625,6:20:00,12:20:00,SAL,2018-10-14
219,1131-5F,WT,2.33805794626732,6:30:00,12:30:00,SAL,2018-10-14
220,1131-5F,WT,17.262893334773683,6:40:00,12:40:00,SAL,2018-10-14
221,1131-5F,WT,2.131299239933715,6:50:00,12:50:00,SAL,2018-10-14
222,1131-5F,WT,1.341728759657535,7:00:00,13:00:00,SAL,2018-10-14
223,1131-5F,WT,1.5030248217537554,7:10:00,13:10:00,SAL,2018-10-14
224,1131-5F,WT,1.2562176492922212,7:20:00,13:20:00,SAL,2018-10-14
225,1131-5F,WT,13.809630444823757,7:30:00,13:30:00,SAL,2018-10-14
226,1131-5F,WT,1.967030177675568,7:40:00,13:40:00,SAL,2018-10-14
227,1131-5F,WT,1.5093692130044398,7:50:00,13:50:00,SAL,2018-10-14
228,1131-5F,WT,1.3267274823293835,8:00:00,14:00:00,SAL,2018-10-14
229,1131-5F,WT,2.489218310674454,8:10:00,14:10:00,SAL,2018-10-14
230,1131-5F,WT,1.4000203021910007,8:20:00,14:20:00,SAL,2018-10-14
231,1131-5F,WT,1.598830361735372,8:30:00,14:30:00,SAL,2018-10-14
232,1131-5F,WT,3.115521477178538,8:40:00,14:40:00,SAL,2018-10-14
233,1131-5F,WT,2.6215188191446264,8:50:00,14:50:00,SAL,2018-10-14
234,1131-5F,WT,1.374427277954627,9:00:00,15:00:00,SAL,2018-10-14
235,1131-5F,WT,4.144989503149994,9:10:00,15:10:00,SAL,2018-10-14
236,1131-5F,WT,5.61780643852862,9:20:00,15:20:00,SAL,2018-10-14
237,1131-5F,WT,3.005526771854902,9:30:00,15:30:00,SAL,2018-10-14
238,1131-5F,WT,19.45428210484469,9:40:00,15:40:00,SAL,2018-10-14
239,1131-5F,WT,14.58983527999765,9:50:00,15:50:00,SAL,2018-10-14
240,1132-11F,WT,8.659991677925639,0:00:00,11:00:00,CNO,2018-10-17
241,1132-11F,WT,40.86981333469791,0:10:00,11:10:00,CNO,2018-10-17
242,1132-11F,WT,55.80632925398776,0:20:00,11:20:00,CNO,2018-10-17
243,1132-11F,WT,43.13306836509467,0:30:00,11:30:00,CNO,2018-10-17
244,1132-11F,WT,35.17431283822495,0:40:00,11:40:00,CNO,2018-10-17
245,1132-11F,WT,66.00250833013473,0:50:00,11:50:00,CNO,2018-10-17
246,1132-11F,WT,41.73548039333112,1:00:00,12:00:00,CNO,2018-10-17
247,1132-11F,WT,44.03234183265932,1:10:00,12:10:00,CNO,2018-10-17
248,1132-11F,WT,36.03469902322516,1:20:00,12:20:00,CNO,2018-10-17
249,1132-11F,WT,42.11543428346601,1:30:00,12:30:00,CNO,2018-10-17
250,1132-11F,WT,49.80325699850874,1:40:00,12:40:00,CNO,2018-10-17
251,1132-11F,WT,45.90822047608159,1:50:00,12:50:00,CNO,2018-10-17
252,1132-11F,WT,44.79796972108,2:00:00,13:00:00,CNO,2018-10-17
253,1132-11F,WT,27.97917063671362,2:10:00,13:10:00,CNO,2018-10-17
254,1132-11F,WT,43.82890456350032,2:20:00,13:20:00,CNO,2018-10-17
255,1132-11F,WT,34.84371261549618,2:30:00,13:30:00,CNO,2018-10-17
256,1132-11F,WT,39.61117058647169,2:40:00,13:40:00,CNO,2018-10-17
257,1132-11F,WT,36.04303686136446,2:50:00,13:50:00,CNO,2018-10-17
258,1132-11F,WT,37.250673389868375,3:00:00,14:00:00,CNO,2018-10-17
259,1132-11F,WT,44.99363757732284,3:10:00,14:10:00,CNO,2018-10-17
260,1132-11F,WT,51.07468253086801,3:20:00,14:20:00,CNO,2018-10-17
261,1132-11F,WT,31.638384830396294,3:30:00,14:30:00,CNO,2018-10-17
262,1132-11F,WT,27.9954234866314,3:40:00,14:40:00,CNO,2018-10-17
263,1132-11F,WT,42.86562164103776,3:50:00,14:50:00,CNO,2018-10-17
264,1132-11F,WT,28.77698534851641,4:00:00,15:00:00,CNO,2018-10-17
265,1132-11F,WT,24.23619044886173,4:10:00,15:10:00,CNO,2018-10-17
266,1132-11F,WT,27.978267480656086,4:20:00,15:20:00,CNO,2018-10-17
267,1132-11F,WT,25.56975096808842,4:30:00,15:30:00,CNO,2018-10-17
268,1132-11F,WT,28.069614506965483,4:40:00,15:40:00,CNO,2018-10-17
269,1132-11F,WT,28.93997455700345,4:50:00,15:50:00,CNO,2018-10-17
270,1132-11F,WT,41.41017009694574,5:00:00,11:00:00,SAL,2018-10-14
271,1132-11F,WT,28.706521014551058,5:10:00,11:10:00,SAL,2018-10-14
272,1132-11F,WT,22.185194043904755,5:20:00,11:20:00,SAL,2018-10-14
273,1132-11F,WT,21.55156354195532,5:30:00,11:30:00,SAL,2018-10-14
274,1132-11F,WT,1.8149766637732885,5:40:00,11:40:00,SAL,2018-10-14
275,1132-11F,WT,1.2822800642003978,5:50:00,11:50:00,SAL,2018-10-14
276,1132-11F,WT,2.040811177176477,6:00:00,12:00:00,SAL,2018-10-14
277,1132-11F,WT,1.6204736230771826,6:10:00,12:10:00,SAL,2018-10-14
278,1132-11F,WT,2.7230570800498035,6:20:00,12:20:00,SAL,2018-10-14
279,1132-11F,WT,1.9541534677063417,6:30:00,12:30:00,SAL,2018-10-14
280,1132-11F,WT,2.314821794045728,6:40:00,12:40:00,SAL,2018-10-14
281,1132-11F,WT,3.815867731634272,6:50:00,12:50:00,SAL,2018-10-14
282,1132-11F,WT,31.43986006568461,7:00:00,13:00:00,SAL,2018-10-14
283,1132-11F,WT,18.500910223665517,7:10:00,13:10:00,SAL,2018-10-14
284,1132-11F,WT,1.7127749435908672,7:20:00,13:20:00,SAL,2018-10-14
285,1132-11F,WT,1.8208484108975207,7:30:00,13:30:00,SAL,2018-10-14
286,1132-11F,WT,1.7869930895945494,7:40:00,13:40:00,SAL,2018-10-14
287,1132-11F,WT,2.196159321400227,7:50:00,13:50:00,SAL,2018-10-14
288,1132-11F,WT,2.276196205957753,8:00:00,14:00:00,SAL,2018-10-14
289,1132-11F,WT,1.8826991921783809,8:10:00,14:10:00,SAL,2018-10-14
290,1132-11F,WT,7.270382730863789,8:20:00,14:20:00,SAL,2018-10-14
291,1132-11F,WT,17.332301656010213,8:30:00,14:30:00,SAL,2018-10-14
292,1132-11F,WT,36.24557623777977,8:40:00,14:40:00,SAL,2018-10-14
293,1132-11F,WT,55.69219247792748,8:50:00,14:50:00,SAL,2018-10-14
294,1132-11F,WT,1.983282675787928,9:00:00,15:00:00,SAL,2018-10-14
295,1132-11F,WT,1.7201605814922336,9:10:00,15:10:00,SAL,2018-10-14
296,1132-11F,WT,1.474280745254971,9:20:00,15:20:00,SAL,2018-10-14
297,1132-11F,WT,2.4364780406157087,9:30:00,15:30:00,SAL,2018-10-14
298,1132-11F,WT,8.483948944683812,9:40:00,15:40:00,SAL,2018-10-14
299,1132-11F,WT,3.7890287857407503,9:50:00,15:50:00,SAL,2018-10-14
300,1132-7M,WT,36.83561903708807,0:00:00,11:00:00,CNO,2018-10-14
301,1132-7M,WT,52.452288048229214,0:10:00,11:10:00,CNO,2018-10-14
302,1132-7M,WT,59.71968853922824,0:20:00,11:20:00,CNO,2018-10-14
303,1132-7M,WT,66.03665491708229,0:30:00,11:30:00,CNO,2018-10-14
304,1132-7M,WT,57.654704851680606,0:40:00,11:40:00,CNO,2018-10-14
305,1132-7M,WT,54.008011760988495,0:50:00,11:50:00,CNO,2018-10-14
306,1132-7M,WT,52.23113792953183,1:00:00,12:00:00,CNO,2018-10-14
307,1132-7M,WT,55.55140339188191,1:10:00,12:10:00,CNO,2018-10-14
308,1132-7M,WT,53.69743109016742,1:20:00,12:20:00,CNO,2018-10-14
309,1132-7M,WT,61.36493931707029,1:30:00,12:30:00,CNO,2018-10-14
310,1132-7M,WT,53.41454127538746,1:40:00,12:40:00,CNO,2018-10-14
311,1132-7M,WT,53.64598649907147,1:50:00,12:50:00,CNO,2018-10-14
312,1132-7M,WT,43.780817693149615,2:00:00,13:00:00,CNO,2018-10-14
313,1132-7M,WT,54.73129350075549,2:10:00,13:10:00,CNO,2018-10-14
314,1132-7M,WT,72.21229082561872,2:20:00,13:20:00,CNO,2018-10-14
315,1132-7M,WT,44.664025361879496,2:30:00,13:30:00,CNO,2018-10-14
316,1132-7M,WT,45.09884560368288,2:40:00,13:40:00,CNO,2018-10-14
317,1132-7M,WT,37.284407315254455,2:50:00,13:50:00,CNO,2018-10-14
318,1132-7M,WT,39.22112449386225,3:00:00,14:00:00,CNO,2018-10-14
319,1132-7M,WT,31.64672133642983,3:10:00,14:10:00,CNO,2018-10-14
320,1132-7M,WT,34.659881852488944,3:20:00,14:20:00,CNO,2018-10-14
321,1132-7M,WT,15.50097660604277,3:30:00,14:30:00,CNO,2018-10-14
322,1132-7M,WT,23.68717658798268,3:40:00,14:40:00,CNO,2018-10-14
323,1132-7M,WT,21.100485931361035,3:50:00,14:50:00,CNO,2018-10-14
324,1132-7M,WT,38.893651523850224,4:00:00,15:00:00,CNO,2018-10-14
325,1132-7M,WT,8.110475290584368,4:10:00,15:10:00,CNO,2018-10-14
326,1132-7M,WT,4.493105613926605,4:20:00,15:20:00,CNO,2018-10-14
327,1132-7M,WT,7.183798576481301,4:30:00,15:30:00,CNO,2018-10-14
328,1132-7M,WT,6.760842849752531,4:40:00,15:40:00,CNO,2018-10-14
329,1132-7M,WT,1.539599370481257,4:50:00,15:50:00,CNO,2018-10-14
330,1132-7M,WT,32.62085463958601,5:00:00,11:00:00,SAL,2018-10-17
331,1132-7M,WT,38.75263271440213,5:10:00,11:10:00,SAL,2018-10-17
332,1132-7M,WT,31.705587693206848,5:20:00,11:20:00,SAL,2018-10-17
333,1132-7M,WT,21.219101913665853,5:30:00,11:30:00,SAL,2018-10-17
334,1132-7M,WT,16.54496338493234,5:40:00,11:40:00,SAL,2018-10-17
335,1132-7M,WT,1.74337467111076,5:50:00,11:50:00,SAL,2018-10-17
336,1132-7M,WT,2.0194372946032177,6:00:00,12:00:00,SAL,2018-10-17
337,1132-7M,WT,6.669568378032421,6:10:00,12:10:00,SAL,2018-10-17
338,1132-7M,WT,14.097780532877277,6:20:00,12:20:00,SAL,2018-10-17
339,1132-7M,WT,2.4577596933629464,6:30:00,12:30:00,SAL,2018-10-17
340,1132-7M,WT,2.255365324682812,6:40:00,12:40:00,SAL,2018-10-17
341,1132-7M,WT,2.092442830201211,6:50:00,12:50:00,SAL,2018-10-17
342,1132-7M,WT,1.8106573770401304,7:00:00,13:00:00,SAL,2018-10-17
343,1132-7M,WT,1.315850081333935,7:10:00,13:10:00,SAL,2018-10-17
344,1132-7M,WT,12.318100303203227,7:20:00,13:20:00,SAL,2018-10-17
345,1132-7M,WT,20.253835111850837,7:30:00,13:30:00,SAL,2018-10-17
346,1132-7M,WT,4.516890807942821,7:40:00,13:40:00,SAL,2018-10-17
347,1132-7M,WT,1.4158420718202762,7:50:00,13:50:00,SAL,2018-10-17
348,1132-7M,WT,2.058641856127663,8:00:00,14:00:00,SAL,2018-10-17
349,1132-7M,WT,1.886618023286204,8:10:00,14:10:00,SAL,2018-10-17
350,1132-7M,WT,2.349756229339305,8:20:00,14:20:00,SAL,2018-10-17
351,1132-7M,WT,8.548346734741044,8:30:00,14:30:00,SAL,2018-10-17
352,1132-7M,WT,26.41276595683125,8:40:00,14:40:00,SAL,2018-10-17
353,1132-7M,WT,1.5387537738435388,8:50:00,14:50:00,SAL,2018-10-17
354,1132-7M,WT,2.2276861829283754,9:00:00,15:00:00,SAL,2018-10-17
355,1132-7M,WT,2.2616788188133694,9:10:00,15:10:00,SAL,2018-10-17
356,1132-7M,WT,1.7906064104374295,9:20:00,15:20:00,SAL,2018-10-17
357,1132-7M,WT,2.2210187140224127,9:30:00,15:30:00,SAL,2018-10-17
358,1132-7M,WT,6.839398049532197,9:40:00,15:40:00,SAL,2018-10-17
359,1132-7M,WT,11.864915632394409,9:50:00,15:50:00,SAL,2018-10-17
360,1132-9F,WT,38.64185389885415,0:00:00,11:00:00,CNO,2018-10-14
361,1132-9F,WT,83.01075094355697,0:10:00,11:10:00,CNO,2018-10-14
362,1132-9F,WT,76.1903368629803,0:20:00,11:20:00,CNO,2018-10-14
363,1132-9F,WT,55.26089518370421,0:30:00,11:30:00,CNO,2018-10-14
364,1132-9F,WT,61.371785880498535,0:40:00,11:40:00,CNO,2018-10-14
365,1132-9F,WT,62.6832959774488,0:50:00,11:50:00,CNO,2018-10-14
366,1132-9F,WT,64.7955038681731,1:00:00,12:00:00,CNO,2018-10-14
367,1132-9F,WT,61.73685996537575,1:10:00,12:10:00,CNO,2018-10-14
368,1132-9F,WT,54.93962231506551,1:20:00,12:20:00,CNO,2018-10-14
369,1132-9F,WT,48.321086887655504,1:30:00,12:30:00,CNO,2018-10-14
370,1132-9F,WT,50.19096495105912,1:40:00,12:40:00,CNO,2018-10-14
371,1132-9F,WT,57.97194139688502,1:50:00,12:50:00,CNO,2018-10-14
372,1132-9F,WT,38.73704075359119,2:00:00,13:00:00,CNO,2018-10-14
373,1132-9F,WT,48.752846848868266,2:10:00,13:10:00,CNO,2018-10-14
374,1132-9F,WT,54.561392170138,2:20:00,13:20:00,CNO,2018-10-14
375,1132-9F,WT,43.19100514113781,2:30:00,13:30:00,CNO,2018-10-14
376,1132-9F,WT,45.89729283207452,2:40:00,13:40:00,CNO,2018-10-14
377,1132-9F,WT,55.30638184253117,2:50:00,13:50:00,CNO,2018-10-14
378,1132-9F,WT,61.11495415287253,3:00:00,14:00:00,CNO,2018-10-14
379,1132-9F,WT,55.93503289189268,3:10:00,14:10:00,CNO,2018-10-14
380,1132-9F,WT,58.38811323631097,3:20:00,14:20:00,CNO,2018-10-14
381,1132-9F,WT,50.12712406905676,3:30:00,14:30:00,CNO,2018-10-14
382,1132-9F,WT,52.87792091997059,3:40:00,14:40:00,CNO,2018-10-14
383,1132-9F,WT,45.52194590952928,3:50:00,14:50:00,CNO,2018-10-14
384,1132-9F,WT,49.07174853965188,4:00:00,15:00:00,CNO,2018-10-14
385,1132-9F,WT,36.124853027133625,4:10:00,15:10:00,CNO,2018-10-14
386,1132-9F,WT,45.11482106824766,4:20:00,15:20:00,CNO,2018-10-14
387,1132-9F,WT,27.479279716150607,4:30:00,15:30:00,CNO,2018-10-14
388,1132-9F,WT,27.79067018036656,4:40:00,15:40:00,CNO,2018-10-14
389,1132-9F,WT,29.461961937788804,4:50:00,15:50:00,CNO,2018-10-14
390,1132-9F,WT,34.42167786671676,5:00:00,11:00:00,SAL,2018-10-17
391,1132-9F,WT,55.0633013720965,5:10:00,11:10:00,SAL,2018-10-17
392,1132-9F,WT,28.88265851991782,5:20:00,11:20:00,SAL,2018-10-17
393,1132-9F,WT,13.752501940728166,5:30:00,11:30:00,SAL,2018-10-17
394,1132-9F,WT,1.497094200349926,5:40:00,11:40:00,SAL,2018-10-17
395,1132-9F,WT,2.573999679277201,5:50:00,11:50:00,SAL,2018-10-17
396,1132-9F,WT,1.3892351108277003,6:00:00,12:00:00,SAL,2018-10-17
397,1132-9F,WT,2.1048071651197446,6:10:00,12:10:00,SAL,2018-10-17
398,1132-9F,WT,1.675967047445125,6:20:00,12:20:00,SAL,2018-10-17
399,1132-9F,WT,1.841962098544574,6:30:00,12:30:00,SAL,2018-10-17
400,1132-9F,WT,6.137586359729021,6:40:00,12:40:00,SAL,2018-10-17
401,1132-9F,WT,6.441091816443996,6:50:00,12:50:00,SAL,2018-10-17
402,1132-9F,WT,2.3202684597953613,7:00:00,13:00:00,SAL,2018-10-17
403,1132-9F,WT,1.7663475689847146,7:10:00,13:10:00,SAL,2018-10-17
404,1132-9F,WT,1.4656522297284198,7:20:00,13:20:00,SAL,2018-10-17
405,1132-9F,WT,12.256264670237677,7:30:00,13:30:00,SAL,2018-10-17
406,1132-9F,WT,8.551956746708438,7:40:00,13:40:00,SAL,2018-10-17
407,1132-9F,WT,1.880859990611629,7:50:00,13:50:00,SAL,2018-10-17
408,1132-9F,WT,2.124513366504316,8:00:00,14:00:00,SAL,2018-10-17
409,1132-9F,WT,2.0539790693385718,8:10:00,14:10:00,SAL,2018-10-17
410,1132-9F,WT,1.8775270272595257,8:20:00,14:20:00,SAL,2018-10-17
411,1132-9F,WT,2.4272251158552973,8:30:00,14:30:00,SAL,2018-10-17
412,1132-9F,WT,17.545796110249498,8:40:00,14:40:00,SAL,2018-10-17
413,1132-9F,WT,8.932023933310019,8:50:00,14:50:00,SAL,2018-10-17
414,1132-9F,WT,1.943323578409476,9:00:00,15:00:00,SAL,2018-10-17
415,1132-9F,WT,1.7992522866033285,9:10:00,15:10:00,SAL,2018-10-17
416,1132-9F,WT,2.8584923835997453,9:20:00,15:20:00,SAL,2018-10-17
417,1132-9F,WT,1.8833557511753456,9:30:00,15:30:00,SAL,2018-10-17
418,1132-9F,WT,3.0406705279391737,9:40:00,15:40:00,SAL,2018-10-17
419,1132-9F,WT,5.2375348962246,9:50:00,15:50:00,SAL,2018-10-17
420,1131-7M,WT,32.70154369995668,0:00:00,10:00:00,CNO,2018-11-08
421,1131-7M,WT,53.74771460497436,0:10:00,10:10:00,CNO,2018-11-08
422,1131-7M,WT,60.67472266186756,0:20:00,10:20:00,CNO,2018-11-08
423,1131-7M,WT,60.286186223480186,0:30:00,10:30:00,CNO,2018-11-08
424,1131-7M,WT,56.52491953198874,0:40:00,10:40:00,CNO,2018-11-08
425,1131-7M,WT,48.510800024845416,0:50:00,10:50:00,CNO,2018-11-08
426,1131-7M,WT,49.993542911393696,1:00:00,11:00:00,CNO,2018-11-08
427,1131-7M,WT,44.3896382751313,1:10:00,11:10:00,CNO,2018-11-08
428,1131-7M,WT,41.4542311879954,1:20:00,11:20:00,CNO,2018-11-08
429,1131-7M,WT,45.4203434918279,1:30:00,11:30:00,CNO,2018-11-08
430,1131-7M,WT,40.38247125153498,1:40:00,11:40:00,CNO,2018-11-08
431,1131-7M,WT,41.86417036920806,1:50:00,11:50:00,CNO,2018-11-08
432,1131-7M,WT,37.160683597971165,2:00:00,12:00:00,CNO,2018-11-08
433,1131-7M,WT,38.54555311466484,2:10:00,12:10:00,CNO,2018-11-08
434,1131-7M,WT,31.46720654184389,2:20:00,12:20:00,CNO,2018-11-08
435,1131-7M,WT,32.06469277738624,2:30:00,12:30:00,CNO,2018-11-08
436,1131-7M,WT,32.83690767033572,2:40:00,12:40:00,CNO,2018-11-08
437,1131-7M,WT,40.98584548758516,2:50:00,12:50:00,CNO,2018-11-08
438,1131-7M,WT,46.79564884354773,3:00:00,13:00:00,CNO,2018-11-08
439,1131-7M,WT,43.59037209893278,3:10:00,13:10:00,CNO,2018-11-08
440,1131-7M,WT,34.73784375062032,3:20:00,13:20:00,CNO,2018-11-08
441,1131-7M,WT,45.61741766049974,3:30:00,13:30:00,CNO,2018-11-08
442,1131-7M,WT,34.420971316332405,3:40:00,13:40:00,CNO,2018-11-08
443,1131-7M,WT,43.73311420037144,3:50:00,13:50:00,CNO,2018-11-08
444,1131-7M,WT,31.08709913507567,4:00:00,14:00:00,CNO,2018-11-08
445,1131-7M,WT,30.876001149902667,4:10:00,14:10:00,CNO,2018-11-08
446,1131-7M,WT,71.67600478308273,4:20:00,14:20:00,CNO,2018-11-08
447,1131-7M,WT,29.02892267083709,4:30:00,14:30:00,CNO,2018-11-08
448,1131-7M,WT,46.40905301479959,4:40:00,14:40:00,CNO,2018-11-08
449,1131-7M,WT,42.9834864162803,4:50:00,14:50:00,CNO,2018-11-08
450,1131-7M,WT,10.813011793612326,5:00:00,10:00:00,SAL,2018-11-12
451,1131-7M,WT,29.35364727111761,5:10:00,10:10:00,SAL,2018-11-12
452,1131-7M,WT,18.565567761637144,5:20:00,10:20:00,SAL,2018-11-12
453,1131-7M,WT,16.319193648831725,5:30:00,10:30:00,SAL,2018-11-12
454,1131-7M,WT,9.972526152015991,5:40:00,10:40:00,SAL,2018-11-12
455,1131-7M,WT,9.361566127716,5:50:00,10:50:00,SAL,2018-11-12
456,1131-7M,WT,2.2987384678185614,6:00:00,11:00:00,SAL,2018-11-12
457,1131-7M,WT,6.78661165362874,6:10:00,11:10:00,SAL,2018-11-12
458,1131-7M,WT,2.002195436305643,6:20:00,11:20:00,SAL,2018-11-12
459,1131-7M,WT,2.087367453368058,6:30:00,11:30:00,SAL,2018-11-12
460,1131-7M,WT,2.8169506471583943,6:40:00,11:40:00,SAL,2018-11-12
461,1131-7M,WT,2.519180062814532,6:50:00,11:50:00,SAL,2018-11-12
462,1131-7M,WT,8.835269193177547,7:00:00,12:00:00,SAL,2018-11-12
463,1131-7M,WT,15.53636174050748,7:10:00,12:10:00,SAL,2018-11-12
464,1131-7M,WT,1.9470095829213308,7:20:00,12:20:00,SAL,2018-11-12
465,1131-7M,WT,1.5177282717801623,7:30:00,12:30:00,SAL,2018-11-12
466,1131-7M,WT,1.7178400421127749,7:40:00,12:40:00,SAL,2018-11-12
467,1131-7M,WT,1.5951914951735893,7:50:00,12:50:00,SAL,2018-11-12
468,1131-7M,WT,1.5948522086498895,8:00:00,13:00:00,SAL,2018-11-12
469,1131-7M,WT,3.374748358455462,8:10:00,13:10:00,SAL,2018-11-12
470,1131-7M,WT,1.8754198112019624,8:20:00,13:20:00,SAL,2018-11-12
471,1131-7M,WT,2.12603677127402,8:30:00,13:30:00,SAL,2018-11-12
472,1131-7M,WT,1.941758175693211,8:40:00,13:40:00,SAL,2018-11-12
473,1131-7M,WT,1.984939792084481,8:50:00,13:50:00,SAL,2018-11-12
474,1131-7M,WT,9.467743686007651,9:00:00,14:00:00,SAL,2018-11-12
475,1131-7M,WT,2.968879805195954,9:10:00,14:10:00,SAL,2018-11-12
476,1131-7M,WT,2.6993132112570843,9:20:00,14:20:00,SAL,2018-11-12
477,1131-7M,WT,2.5390034045669365,9:30:00,14:30:00,SAL,2018-11-12
478,1131-7M,WT,2.3219868223479527,9:40:00,14:40:00,SAL,2018-11-12
479,1131-7M,WT,7.374150071822311,9:50:00,14:50:00,SAL,2018-11-12
480,1132-9M,WT,4.162610148778601,0:00:00,10:00:00,CNO,2018-11-12
481,1132-9M,WT,48.890885087081735,0:10:00,10:10:00,CNO,2018-11-12
482,1132-9M,WT,54.37511698806512,0:20:00,10:20:00,CNO,2018-11-12
483,1132-9M,WT,45.386199380053625,0:30:00,10:30:00,CNO,2018-11-12
484,1132-9M,WT,31.609941849010912,0:40:00,10:40:00,CNO,2018-11-12
485,1132-9M,WT,39.02609465466116,0:50:00,10:50:00,CNO,2018-11-12
486,1132-9M,WT,29.451565527285204,1:00:00,11:00:00,CNO,2018-11-12
487,1132-9M,WT,32.5202471585114,1:10:00,11:10:00,CNO,2018-11-12
488,1132-9M,WT,37.66183029286701,1:20:00,11:20:00,CNO,2018-11-12
489,1132-9M,WT,43.28254267456663,1:30:00,11:30:00,CNO,2018-11-12
490,1132-9M,WT,46.07814134194162,1:40:00,11:40:00,CNO,2018-11-12
491,1132-9M,WT,41.74947137662024,1:50:00,11:50:00,CNO,2018-11-12
492,1132-9M,WT,48.18940638891065,2:00:00,12:00:00,CNO,2018-11-12
493,1132-9M,WT,37.83771900979923,2:10:00,12:10:00,CNO,2018-11-12
494,1132-9M,WT,49.43576957880785,2:20:00,12:20:00,CNO,2018-11-12
495,1132-9M,WT,36.66457061616682,2:30:00,12:30:00,CNO,2018-11-12
496,1132-9M,WT,38.77013155605387,2:40:00,12:40:00,CNO,2018-11-12
497,1132-9M,WT,33.32962919656487,2:50:00,12:50:00,CNO,2018-11-12
498,1132-9M,WT,29.168242313232668,3:00:00,13:00:00,CNO,2018-11-12
499,1132-9M,WT,43.37961220772024,3:10:00,13:10:00,CNO,2018-11-12
500,1132-9M,WT,44.68552171059629,3:20:00,13:20:00,CNO,2018-11-12
501,1132-9M,WT,33.23310206547227,3:30:00,13:30:00,CNO,2018-11-12
502,1132-9M,WT,28.398207895246607,3:40:00,13:40:00,CNO,2018-11-12
503,1132-9M,WT,39.40824681542581,3:50:00,13:50:00,CNO,2018-11-12
504,1132-9M,WT,21.95843346041168,4:00:00,14:00:00,CNO,2018-11-12
505,1132-9M,WT,47.37759414591339,4:10:00,14:10:00,CNO,2018-11-12
506,1132-9M,WT,37.02823214806142,4:20:00,14:20:00,CNO,2018-11-12
507,1132-9M,WT,30.60210535580244,4:30:00,14:30:00,CNO,2018-11-12
508,1132-9M,WT,29.376998589387615,4:40:00,14:40:00,CNO,2018-11-12
509,1132-9M,WT,28.74047321399797,4:50:00,14:50:00,CNO,2018-11-12
510,1132-9M,WT,28.787964865339926,5:00:00,10:00:00,SAL,2018-11-08
511,1132-9M,WT,31.323430010233476,5:10:00,10:10:00,SAL,2018-11-08
512,1132-9M,WT,29.877738834181184,5:20:00,10:20:00,SAL,2018-11-08
513,1132-9M,WT,19.187461086783003,5:30:00,10:30:00,SAL,2018-11-08
514,1132-9M,WT,20.38565592662976,5:40:00,10:40:00,SAL,2018-11-08
515,1132-9M,WT,12.39313522954552,5:50:00,10:50:00,SAL,2018-11-08
516,1132-9M,WT,10.174732957287002,6:00:00,11:00:00,SAL,2018-11-08
517,1132-9M,WT,1.155083855847538,6:10:00,11:10:00,SAL,2018-11-08
518,1132-9M,WT,1.2813784224497784,6:20:00,11:20:00,SAL,2018-11-08
519,1132-9M,WT,1.16845555937409,6:30:00,11:30:00,SAL,2018-11-08
520,1132-9M,WT,1.456716621599015,6:40:00,11:40:00,SAL,2018-11-08
521,1132-9M,WT,1.3319029056887413,6:50:00,11:50:00,SAL,2018-11-08
522,1132-9M,WT,1.2538220102414055,7:00:00,12:00:00,SAL,2018-11-08
523,1132-9M,WT,11.553764784196362,7:10:00,12:10:00,SAL,2018-11-08
524,1132-9M,WT,16.61321760603804,7:20:00,12:20:00,SAL,2018-11-08
525,1132-9M,WT,1.544428705803642,7:30:00,12:30:00,SAL,2018-11-08
526,1132-9M,WT,1.303473963980769,7:40:00,12:40:00,SAL,2018-11-08
527,1132-9M,WT,1.7930482015685492,7:50:00,12:50:00,SAL,2018-11-08
528,1132-9M,WT,2.455570277233958,8:00:00,13:00:00,SAL,2018-11-08
529,1132-9M,WT,1.4835079821433177,8:10:00,13:10:00,SAL,2018-11-08
530,1132-9M,WT,1.824888283473448,8:20:00,13:20:00,SAL,2018-11-08
531,1132-9M,WT,1.4555318570103422,8:30:00,13:30:00,SAL,2018-11-08
532,1132-9M,WT,1.5453403997428816,8:40:00,13:40:00,SAL,2018-11-08
533,1132-9M,WT,1.548756414217767,8:50:00,13:50:00,SAL,2018-11-08
534,1132-9M,WT,2.0227085127778714,9:00:00,14:00:00,SAL,2018-11-08
535,1132-9M,WT,17.872390576325593,9:10:00,14:10:00,SAL,2018-11-08
536,1132-9M,WT,1.5705133848969226,9:20:00,14:20:00,SAL,2018-11-08
537,1132-9M,WT,1.6579510923918697,9:30:00,14:30:00,SAL,2018-11-08
538,1132-9M,WT,1.4206870190307097,9:40:00,14:40:00,SAL,2018-11-08
539,1132-9M,WT,1.6245868876783105,9:50:00,14:50:00,SAL,2018-11-08
540,1128-14M,TG,40.60929340073122,5:00:00,,CNO,2018-09-21
541,1128-14M,TG,35.908406476153004,5:10:00,,CNO,2018-09-21
542,1128-14M,TG,47.41155150634357,5:20:00,,CNO,2018-09-21
543,1128-14M,TG,31.009189711939563,5:30:00,,CNO,2018-09-21
544,1128-14M,TG,36.714299148732,5:40:00,,CNO,2018-09-21
545,1128-14M,TG,34.86310086454488,5:50:00,,CNO,2018-09-21
546,1128-14M,TG,33.49529264890941,6:00:00,,CNO,2018-09-21
547,1128-14M,TG,40.25487220808506,6:10:00,,CNO,2018-09-21
548,1128-14M,TG,22.74947421989798,6:20:00,,CNO,2018-09-21
549,1128-14M,TG,22.12942381735893,6:30:00,,CNO,2018-09-21
550,1128-14M,TG,21.27551523203296,6:40:00,,CNO,2018-09-21
551,1128-14M,TG,16.284311318446232,6:50:00,,CNO,2018-09-21
552,1128-14M,TG,13.906273847258888,7:00:00,,CNO,2018-09-21
553,1128-14M,TG,18.55574004698012,7:10:00,,CNO,2018-09-21
554,1128-14M,TG,8.655201667364883,7:20:00,,CNO,2018-09-21
555,1128-14M,TG,20.96177278669477,7:30:00,,CNO,2018-09-21
556,1128-14M,TG,8.889303024294431,7:40:00,,CNO,2018-09-21
557,1128-14M,TG,6.00650194702033,7:50:00,,CNO,2018-09-21
558,1128-14M,TG,7.155596011124283,8:00:00,,CNO,2018-09-21
559,1128-14M,TG,21.046686681246065,8:10:00,,CNO,2018-09-21
560,1128-14M,TG,12.262656135375984,8:20:00,,CNO,2018-09-21
561,1128-14M,TG,5.889881893487912,8:30:00,,CNO,2018-09-21
562,1128-14M,TG,3.915792740929287,8:40:00,,CNO,2018-09-21
563,1128-14M,TG,1.9371394506045072,8:50:00,,CNO,2018-09-21
564,1128-14M,TG,6.6118922275578855,9:00:00,,CNO,2018-09-21
565,1128-14M,TG,3.501260121691132,9:10:00,,CNO,2018-09-21
566,1128-14M,TG,2.2716035488936974,9:20:00,,CNO,2018-09-21
567,1128-14M,TG,14.52904630970619,9:30:00,,CNO,2018-09-21
568,1128-14M,TG,8.417768436119166,9:40:00,,CNO,2018-09-21
569,1128-14M,TG,1.796400860529802,9:50:00,,CNO,2018-09-21
570,1128-14M,TG,5.664270710833988,5:00:00,,SAL,2018-09-17
571,1128-14M,TG,38.05967830533042,5:10:00,,SAL,2018-09-17
572,1128-14M,TG,24.909837118658096,5:20:00,,SAL,2018-09-17
573,1128-14M,TG,24.25653061105485,5:30:00,,SAL,2018-09-17
574,1128-14M,TG,17.750359941306993,5:40:00,,SAL,2018-09-17
575,1128-14M,TG,8.542121670883384,5:50:00,,SAL,2018-09-17
576,1128-14M,TG,2.04930866908232,6:00:00,,SAL,2018-09-17
577,1128-14M,TG,2.24778625165762,6:10:00,,SAL,2018-09-17
578,1128-14M,TG,1.4431316089310735,6:20:00,,SAL,2018-09-17
579,1128-14M,TG,1.6815126021991675,6:30:00,,SAL,2018-09-17
580,1128-14M,TG,1.4560426305286192,6:40:00,,SAL,2018-09-17
581,1128-14M,TG,2.132724631482517,6:50:00,,SAL,2018-09-17
582,1128-14M,TG,1.806290003633132,7:00:00,,SAL,2018-09-17
583,1128-14M,TG,1.955410502950408,7:10:00,,SAL,2018-09-17
584,1128-14M,TG,21.38530563470467,7:20:00,,SAL,2018-09-17
585,1128-14M,TG,1.590068928715742,7:30:00,,SAL,2018-09-17
586,1128-14M,TG,1.5907013356124218,7:40:00,,SAL,2018-09-17
587,1128-14M,TG,1.297590984072574,7:50:00,,SAL,2018-09-17
588,1128-14M,TG,11.071377002623802,8:00:00,,SAL,2018-09-17
589,1128-14M,TG,3.5029805976269865,8:10:00,,SAL,2018-09-17
590,1128-14M,TG,3.4086571327981727,8:20:00,,SAL,2018-09-17
591,1128-14M,TG,2.218287474625435,8:30:00,,SAL,2018-09-17
592,1128-14M,TG,1.3730674546485746,8:40:00,,SAL,2018-09-17
593,1128-14M,TG,13.741353297036724,8:50:00,,SAL,2018-09-17
594,1128-14M,TG,14.37923843640534,9:00:00,,SAL,2018-09-17
595,1128-14M,TG,13.769771923693902,9:10:00,,SAL,2018-09-17
596,1128-14M,TG,2.2513837329171924,9:20:00,,SAL,2018-09-17
597,1128-14M,TG,13.96134116236437,9:30:00,,SAL,2018-09-17
598,1128-14M,TG,8.719848748907557,9:40:00,,SAL,2018-09-17
599,1128-14M,TG,1.9484249083538776,9:50:00,,SAL,2018-09-17
600,1130-1M,TG,50.24901939287508,5:00:00,,CNO,2018-09-21
601,1130-1M,TG,72.95669058063294,5:10:00,,CNO,2018-09-21
602,1130-1M,TG,72.17936456361743,5:20:00,,CNO,2018-09-21
603,1130-1M,TG,73.3330566822495,5:30:00,,CNO,2018-09-21
604,1130-1M,TG,48.20004856263956,5:40:00,,CNO,2018-09-21
605,1130-1M,TG,39.7237574288379,5:50:00,,CNO,2018-09-21
606,1130-1M,TG,30.83224198931352,6:00:00,,CNO,2018-09-21
607,1130-1M,TG,39.44832399822491,6:10:00,,CNO,2018-09-21
608,1130-1M,TG,29.037594584175963,6:20:00,,CNO,2018-09-21
609,1130-1M,TG,18.103829704432314,6:30:00,,CNO,2018-09-21
610,1130-1M,TG,23.28943208304852,6:40:00,,CNO,2018-09-21
611,1130-1M,TG,28.66353006199353,6:50:00,,CNO,2018-09-21
612,1130-1M,TG,24.439941524846883,7:00:00,,CNO,2018-09-21
613,1130-1M,TG,24.176149854710918,7:10:00,,CNO,2018-09-21
614,1130-1M,TG,14.164301372374066,7:20:00,,CNO,2018-09-21
615,1130-1M,TG,18.674915404906752,7:30:00,,CNO,2018-09-21
616,1130-1M,TG,18.16613771448748,7:40:00,,CNO,2018-09-21
617,1130-1M,TG,14.429375896517602,7:50:00,,CNO,2018-09-21
618,1130-1M,TG,20.89520783898183,8:00:00,,CNO,2018-09-21
619,1130-1M,TG,5.879079656496681,8:10:00,,CNO,2018-09-21
620,1130-1M,TG,15.928877078715782,8:20:00,,CNO,2018-09-21
621,1130-1M,TG,20.718865304871024,8:30:00,,CNO,2018-09-21
622,1130-1M,TG,8.088119916549655,8:40:00,,CNO,2018-09-21
623,1130-1M,TG,17.05112600972965,8:50:00,,CNO,2018-09-21
624,1130-1M,TG,13.08735224990457,9:00:00,,CNO,2018-09-21
625,1130-1M,TG,12.645500872624243,9:10:00,,CNO,2018-09-21
626,1130-1M,TG,1.8803337817523489,9:20:00,,CNO,2018-09-21
627,1130-1M,TG,7.32142076304858,9:30:00,,CNO,2018-09-21
628,1130-1M,TG,24.69254060703579,9:40:00,,CNO,2018-09-21
629,1130-1M,TG,5.202229843881361,9:50:00,,CNO,2018-09-21
630,1130-1M,TG,7.708917185027996,5:00:00,,SAL,2018-09-17
631,1130-1M,TG,49.848761620606034,5:10:00,,SAL,2018-09-17
632,1130-1M,TG,39.02284064987597,5:20:00,,SAL,2018-09-17
633,1130-1M,TG,30.04177336482397,5:30:00,,SAL,2018-09-17
634,1130-1M,TG,15.604317707748134,5:40:00,,SAL,2018-09-17
635,1130-1M,TG,1.393884254395951,5:50:00,,SAL,2018-09-17
636,1130-1M,TG,19.896796623228763,6:00:00,,SAL,2018-09-17
637,1130-1M,TG,20.644337068271568,6:10:00,,SAL,2018-09-17
638,1130-1M,TG,2.736713138428825,6:20:00,,SAL,2018-09-17
639,1130-1M,TG,1.9718313430445933,6:30:00,,SAL,2018-09-17
640,1130-1M,TG,1.307674633929231,6:40:00,,SAL,2018-09-17
641,1130-1M,TG,1.5086176182946207,6:50:00,,SAL,2018-09-17
642,1130-1M,TG,18.60853501843497,7:00:00,,SAL,2018-09-17
643,1130-1M,TG,1.3924145861356625,7:10:00,,SAL,2018-09-17
644,1130-1M,TG,14.664106371763516,7:20:00,,SAL,2018-09-17
645,1130-1M,TG,1.2826329165900974,7:30:00,,SAL,2018-09-17
646,1130-1M,TG,8.409627033901996,7:40:00,,SAL,2018-09-17
647,1130-1M,TG,16.802030683597692,7:50:00,,SAL,2018-09-17
648,1130-1M,TG,2.3325596381410905,8:00:00,,SAL,2018-09-17
649,1130-1M,TG,1.881456580304846,8:10:00,,SAL,2018-09-17
650,1130-1M,TG,1.788999419366649,8:20:00,,SAL,2018-09-17
651,1130-1M,TG,1.9871833625955715,8:30:00,,SAL,2018-09-17
652,1130-1M,TG,19.507193221723224,8:40:00,,SAL,2018-09-17
653,1130-1M,TG,29.20326894450523,8:50:00,,SAL,2018-09-17
654,1130-1M,TG,4.593337686786722,9:00:00,,SAL,2018-09-17
655,1130-1M,TG,2.3508039873730064,9:10:00,,SAL,2018-09-17
656,1130-1M,TG,4.753450182722932,9:20:00,,SAL,2018-09-17
657,1130-1M,TG,2.102630741371671,9:30:00,,SAL,2018-09-17
658,1130-1M,TG,4.186295236138416,9:40:00,,SAL,2018-09-17
659,1130-1M,TG,11.65830413302052,9:50:00,,SAL,2018-09-17
660,1130-2F,TG,12.78814251662826,5:00:00,,CNO,2018-09-17
661,1130-2F,TG,30.083278995247195,5:10:00,,CNO,2018-09-17
662,1130-2F,TG,36.22060219077739,5:20:00,,CNO,2018-09-17
663,1130-2F,TG,46.4544968224244,5:30:00,,CNO,2018-09-17
664,1130-2F,TG,27.35038469963432,5:40:00,,CNO,2018-09-17
665,1130-2F,TG,23.594963883860714,5:50:00,,CNO,2018-09-17
666,1130-2F,TG,18.930755269257823,6:00:00,,CNO,2018-09-17
667,1130-2F,TG,18.40373360069028,6:10:00,,CNO,2018-09-17
668,1130-2F,TG,14.951566432841394,6:20:00,,CNO,2018-09-17
669,1130-2F,TG,21.882165297257803,6:30:00,,CNO,2018-09-17
670,1130-2F,TG,10.506684984526936,6:40:00,,CNO,2018-09-17
671,1130-2F,TG,19.02810799443899,6:50:00,,CNO,2018-09-17
672,1130-2F,TG,17.163093717487296,7:00:00,,CNO,2018-09-17
673,1130-2F,TG,12.011360386455488,7:10:00,,CNO,2018-09-17
674,1130-2F,TG,14.1132076701441,7:20:00,,CNO,2018-09-17
675,1130-2F,TG,5.224112913705315,7:30:00,,CNO,2018-09-17
676,1130-2F,TG,11.532556253745206,7:40:00,,CNO,2018-09-17
677,1130-2F,TG,12.797402468908688,7:50:00,,CNO,2018-09-17
678,1130-2F,TG,1.9891808175912868,8:00:00,,CNO,2018-09-17
679,1130-2F,TG,4.21320371603232,8:10:00,,CNO,2018-09-17
680,1130-2F,TG,2.455498931876884,8:20:00,,CNO,2018-09-17
681,1130-2F,TG,8.138362610513045,8:30:00,,CNO,2018-09-17
682,1130-2F,TG,11.35634006241241,8:40:00,,CNO,2018-09-17
683,1130-2F,TG,1.5744003168838294,8:50:00,,CNO,2018-09-17
684,1130-2F,TG,2.071786986384693,9:00:00,,CNO,2018-09-17
685,1130-2F,TG,1.3736728033025418,9:10:00,,CNO,2018-09-17
686,1130-2F,TG,1.8907087341089623,9:20:00,,CNO,2018-09-17
687,1130-2F,TG,12.570134673353254,9:30:00,,CNO,2018-09-17
688,1130-2F,TG,2.8356940845028125,9:40:00,,CNO,2018-09-17
689,1130-2F,TG,1.5866241088961637,9:50:00,,CNO,2018-09-17
690,1130-2F,TG,31.30109256121993,5:00:00,,SAL,2018-09-21
691,1130-2F,TG,31.239563313044528,5:10:00,,SAL,2018-09-21
692,1130-2F,TG,7.877737240169701,5:20:00,,SAL,2018-09-21
693,1130-2F,TG,11.254119068047522,5:30:00,,SAL,2018-09-21
694,1130-2F,TG,3.442493998499044,5:40:00,,SAL,2018-09-21
695,1130-2F,TG,1.168531074495322,5:50:00,,SAL,2018-09-21
696,1130-2F,TG,1.8356024958024544,6:00:00,,SAL,2018-09-21
697,1130-2F,TG,1.299330310439735,6:10:00,,SAL,2018-09-21
698,1130-2F,TG,1.4142413257336774,6:20:00,,SAL,2018-09-21
699,1130-2F,TG,1.0122508366269845,6:30:00,,SAL,2018-09-21
700,1130-2F,TG,2.101382299966059,6:40:00,,SAL,2018-09-21
701,1130-2F,TG,16.671773428939808,6:50:00,,SAL,2018-09-21
702,1130-2F,TG,9.277875289447302,7:00:00,,SAL,2018-09-21
703,1130-2F,TG,1.5450935374703003,7:10:00,,SAL,2018-09-21
704,1130-2F,TG,1.667544702790111,7:20:00,,SAL,2018-09-21
705,1130-2F,TG,2.4587761061336777,7:30:00,,SAL,2018-09-21
706,1130-2F,TG,1.2879141950616506,7:40:00,,SAL,2018-09-21
707,1130-2F,TG,1.7186251893716498,7:50:00,,SAL,2018-09-21
708,1130-2F,TG,2.5087737008281343,8:00:00,,SAL,2018-09-21
709,1130-2F,TG,2.1352184109053938,8:10:00,,SAL,2018-09-21
710,1130-2F,TG,9.992259881582234,8:20:00,,SAL,2018-09-21
711,1130-2F,TG,20.42873125086817,8:30:00,,SAL,2018-09-21
712,1130-2F,TG,3.865659070279851,8:40:00,,SAL,2018-09-21
713,1130-2F,TG,1.2759935393782624,8:50:00,,SAL,2018-09-21
714,1130-2F,TG,1.2013095417807256,9:00:00,,SAL,2018-09-21
715,1130-2F,TG,1.2332471223169186,9:10:00,,SAL,2018-09-21
716,1130-2F,TG,1.520522081983307,9:20:00,,SAL,2018-09-21
717,1130-2F,TG,1.4788339097089431,9:30:00,,SAL,2018-09-21
718,1130-2F,TG,1.269599960439352,9:40:00,,SAL,2018-09-21
719,1130-2F,TG,1.297061189334718,9:50:00,,SAL,2018-09-21
720,1131-4M,TG,38.62564307570063,5:00:00,,CNO,2018-10-17
721,1131-4M,TG,50.85519719679042,5:10:00,,CNO,2018-10-17
722,1131-4M,TG,67.03659928728534,5:20:00,,CNO,2018-10-17
723,1131-4M,TG,60.7982645610676,5:30:00,,CNO,2018-10-17
724,1131-4M,TG,48.76774733004063,5:40:00,,CNO,2018-10-17
725,1131-4M,TG,47.95666810686132,5:50:00,,CNO,2018-10-17
726,1131-4M,TG,46.41965602705727,6:00:00,,CNO,2018-10-17
727,1131-4M,TG,47.83693541915348,6:10:00,,CNO,2018-10-17
728,1131-4M,TG,40.740010329849056,6:20:00,,CNO,2018-10-17
729,1131-4M,TG,37.34065859823503,6:30:00,,CNO,2018-10-17
730,1131-4M,TG,33.294741680097445,6:40:00,,CNO,2018-10-17
731,1131-4M,TG,36.71727856909358,6:50:00,,CNO,2018-10-17
732,1131-4M,TG,29.1560605675014,7:00:00,,CNO,2018-10-17
733,1131-4M,TG,29.580713745673066,7:10:00,,CNO,2018-10-17
734,1131-4M,TG,35.935247411458775,7:20:00,,CNO,2018-10-17
735,1131-4M,TG,27.44257225540177,7:30:00,,CNO,2018-10-17
736,1131-4M,TG,32.7896985310294,7:40:00,,CNO,2018-10-17
737,1131-4M,TG,24.44907488136155,7:50:00,,CNO,2018-10-17
738,1131-4M,TG,28.219022178387103,8:00:00,,CNO,2018-10-17
739,1131-4M,TG,32.490185311242605,8:10:00,,CNO,2018-10-17
740,1131-4M,TG,32.21851797452329,8:20:00,,CNO,2018-10-17
741,1131-4M,TG,18.606650536743658,8:30:00,,CNO,2018-10-17
742,1131-4M,TG,18.91689073279506,8:40:00,,CNO,2018-10-17
743,1131-4M,TG,37.35332525260266,8:50:00,,CNO,2018-10-17
744,1131-4M,TG,24.41565133371914,9:00:00,,CNO,2018-10-17
745,1131-4M,TG,22.601612486758025,9:10:00,,CNO,2018-10-17
746,1131-4M,TG,27.511286590403103,9:20:00,,CNO,2018-10-17
747,1131-4M,TG,16.70317003244537,9:30:00,,CNO,2018-10-17
748,1131-4M,TG,25.293292892273627,9:40:00,,CNO,2018-10-17
749,1131-4M,TG,27.764693464343907,9:50:00,,CNO,2018-10-17
750,1131-4M,TG,44.02872753961096,5:00:00,,SAL,2018-10-14
751,1131-4M,TG,10.756765431347866,5:10:00,,SAL,2018-10-14
752,1131-4M,TG,3.933824701614896,5:20:00,,SAL,2018-10-14
753,1131-4M,TG,2.015337113053965,5:30:00,,SAL,2018-10-14
754,1131-4M,TG,3.1511298924562,5:40:00,,SAL,2018-10-14
755,1131-4M,TG,2.310047975143005,5:50:00,,SAL,2018-10-14
756,1131-4M,TG,2.2924668223206286,6:00:00,,SAL,2018-10-14
757,1131-4M,TG,1.685297756760864,6:10:00,,SAL,2018-10-14
758,1131-4M,TG,2.4414952841265283,6:20:00,,SAL,2018-10-14
759,1131-4M,TG,2.1016443771707656,6:30:00,,SAL,2018-10-14
760,1131-4M,TG,2.3389117413320357,6:40:00,,SAL,2018-10-14
761,1131-4M,TG,3.0031986667047224,6:50:00,,SAL,2018-10-14
762,1131-4M,TG,2.67060261925432,7:00:00,,SAL,2018-10-14
763,1131-4M,TG,2.720602169101131,7:10:00,,SAL,2018-10-14
764,1131-4M,TG,24.02273314861866,7:20:00,,SAL,2018-10-14
765,1131-4M,TG,20.64350785372552,7:30:00,,SAL,2018-10-14
766,1131-4M,TG,23.18622790870513,7:40:00,,SAL,2018-10-14
767,1131-4M,TG,5.683554272160178,7:50:00,,SAL,2018-10-14
768,1131-4M,TG,1.8428801415796696,8:00:00,,SAL,2018-10-14
769,1131-4M,TG,2.307286600560561,8:10:00,,SAL,2018-10-14
770,1131-4M,TG,2.0511105735750474,8:20:00,,SAL,2018-10-14
771,1131-4M,TG,2.3969397284537908,8:30:00,,SAL,2018-10-14
772,1131-4M,TG,2.002931857806137,8:40:00,,SAL,2018-10-14
773,1131-4M,TG,2.2376796477194483,8:50:00,,SAL,2018-10-14
774,1131-4M,TG,2.251895624687941,9:00:00,,SAL,2018-10-14
775,1131-4M,TG,9.143989539833346,9:10:00,,SAL,2018-10-14
776,1131-4M,TG,2.1162211243843174,9:20:00,,SAL,2018-10-14
777,1131-4M,TG,2.0325513867710625,9:30:00,,SAL,2018-10-14
778,1131-4M,TG,2.2174169577337377,9:40:00,,SAL,2018-10-14
779,1131-4M,TG,2.099455773412347,9:50:00,,SAL,2018-10-14
780,1132-10F,TG,35.908176511863324,5:00:00,,CNO,2018-10-14
781,1132-10F,TG,52.81702552718999,5:10:00,,CNO,2018-10-14
782,1132-10F,TG,55.51831538587896,5:20:00,,CNO,2018-10-14
783,1132-10F,TG,49.903505084143895,5:30:00,,CNO,2018-10-14
784,1132-10F,TG,40.954650107193046,5:40:00,,CNO,2018-10-14
785,1132-10F,TG,33.96600373333567,5:50:00,,CNO,2018-10-14
786,1132-10F,TG,27.73222434459272,6:00:00,,CNO,2018-10-14
787,1132-10F,TG,27.399189168820115,6:10:00,,CNO,2018-10-14
788,1132-10F,TG,25.38280235458998,6:20:00,,CNO,2018-10-14
789,1132-10F,TG,22.70004057254925,6:30:00,,CNO,2018-10-14
790,1132-10F,TG,18.1473205262119,6:40:00,,CNO,2018-10-14
791,1132-10F,TG,15.846616977517408,6:50:00,,CNO,2018-10-14
792,1132-10F,TG,27.471619943407045,7:00:00,,CNO,2018-10-14
793,1132-10F,TG,12.958372325550062,7:10:00,,CNO,2018-10-14
794,1132-10F,TG,31.42284641222944,7:20:00,,CNO,2018-10-14
795,1132-10F,TG,10.642280082601134,7:30:00,,CNO,2018-10-14
796,1132-10F,TG,10.591491992468349,7:40:00,,CNO,2018-10-14
797,1132-10F,TG,3.95915423288404,7:50:00,,CNO,2018-10-14
798,1132-10F,TG,3.115480868176029,8:00:00,,CNO,2018-10-14
799,1132-10F,TG,3.406120724679245,8:10:00,,CNO,2018-10-14
800,1132-10F,TG,10.732110576749182,8:20:00,,CNO,2018-10-14
801,1132-10F,TG,13.326132432267306,8:30:00,,CNO,2018-10-14
802,1132-10F,TG,2.2653790121115467,8:40:00,,CNO,2018-10-14
803,1132-10F,TG,2.824809880887583,8:50:00,,CNO,2018-10-14
804,1132-10F,TG,1.6982334498893346,9:00:00,,CNO,2018-10-14
805,1132-10F,TG,3.360802299660443,9:10:00,,CNO,2018-10-14
806,1132-10F,TG,5.477435111055515,9:20:00,,CNO,2018-10-14
807,1132-10F,TG,6.014777346852296,9:30:00,,CNO,2018-10-14
808,1132-10F,TG,2.044962088395087,9:40:00,,CNO,2018-10-14
809,1132-10F,TG,2.4535675611504777,9:50:00,,CNO,2018-10-14
810,1132-10F,TG,35.22327403871117,5:00:00,,SAL,2018-10-17
811,1132-10F,TG,28.13203358768429,5:10:00,,SAL,2018-10-17
812,1132-10F,TG,4.54118602364277,5:20:00,,SAL,2018-10-17
813,1132-10F,TG,1.5445869538011747,5:30:00,,SAL,2018-10-17
814,1132-10F,TG,1.775561839509268,5:40:00,,SAL,2018-10-17
815,1132-10F,TG,10.720882042106645,5:50:00,,SAL,2018-10-17
816,1132-10F,TG,22.51794284832759,6:00:00,,SAL,2018-10-17
817,1132-10F,TG,4.062754911456433,6:10:00,,SAL,2018-10-17
818,1132-10F,TG,6.009186428424912,6:20:00,,SAL,2018-10-17
819,1132-10F,TG,4.3707063350041855,6:30:00,,SAL,2018-10-17
820,1132-10F,TG,18.92982881417432,6:40:00,,SAL,2018-10-17
821,1132-10F,TG,20.70658835025234,6:50:00,,SAL,2018-10-17
822,1132-10F,TG,5.531219390782234,7:00:00,,SAL,2018-10-17
823,1132-10F,TG,7.363273213928212,7:10:00,,SAL,2018-10-17
824,1132-10F,TG,4.91839563306544,7:20:00,,SAL,2018-10-17
825,1132-10F,TG,2.0444077095277047,7:30:00,,SAL,2018-10-17
826,1132-10F,TG,1.866791661826216,7:40:00,,SAL,2018-10-17
827,1132-10F,TG,1.7290285836243864,7:50:00,,SAL,2018-10-17
828,1132-10F,TG,1.6131703320136308,8:00:00,,SAL,2018-10-17
829,1132-10F,TG,2.0496524385317723,8:10:00,,SAL,2018-10-17
830,1132-10F,TG,1.647512155681694,8:20:00,,SAL,2018-10-17
831,1132-10F,TG,5.986497673693607,8:30:00,,SAL,2018-10-17
832,1132-10F,TG,15.770122838912018,8:40:00,,SAL,2018-10-17
833,1132-10F,TG,11.996219768389494,8:50:00,,SAL,2018-10-17
834,1132-10F,TG,2.6114886049136903,9:00:00,,SAL,2018-10-17
835,1132-10F,TG,6.629116811114352,9:10:00,,SAL,2018-10-17
836,1132-10F,TG,2.043606836988852,9:20:00,,SAL,2018-10-17
837,1132-10F,TG,2.8655712161612006,9:30:00,,SAL,2018-10-17
838,1132-10F,TG,1.8288643031700784,9:40:00,,SAL,2018-10-17
839,1132-10F,TG,2.2955627154930727,9:50:00,,SAL,2018-10-17
840,1132-12M,TG,22.92012226266641,5:00:00,,CNO,2018-10-17
841,1132-12M,TG,48.43317831878521,5:10:00,,CNO,2018-10-17
842,1132-12M,TG,52.84072742867452,5:20:00,,CNO,2018-10-17
843,1132-12M,TG,50.8976473231294,5:30:00,,CNO,2018-10-17
844,1132-12M,TG,47.92784705474419,5:40:00,,CNO,2018-10-17
845,1132-12M,TG,38.131973410710856,5:50:00,,CNO,2018-10-17
846,1132-12M,TG,32.16610254624985,6:00:00,,CNO,2018-10-17
847,1132-12M,TG,37.59471562338921,6:10:00,,CNO,2018-10-17
848,1132-12M,TG,32.18542071513801,6:20:00,,CNO,2018-10-17
849,1132-12M,TG,27.896705396636605,6:30:00,,CNO,2018-10-17
850,1132-12M,TG,32.09279401014227,6:40:00,,CNO,2018-10-17
851,1132-12M,TG,26.789599077956733,6:50:00,,CNO,2018-10-17
852,1132-12M,TG,26.88133368202638,7:00:00,,CNO,2018-10-17
853,1132-12M,TG,28.058293592608955,7:10:00,,CNO,2018-10-17
854,1132-12M,TG,25.277590032525183,7:20:00,,CNO,2018-10-17
855,1132-12M,TG,24.392451603952697,7:30:00,,CNO,2018-10-17
856,1132-12M,TG,27.808158853696057,7:40:00,,CNO,2018-10-17
857,1132-12M,TG,22.16533940233164,7:50:00,,CNO,2018-10-17
858,1132-12M,TG,33.035189909840355,8:00:00,,CNO,2018-10-17
859,1132-12M,TG,23.456397447439397,8:10:00,,CNO,2018-10-17
860,1132-12M,TG,24.45105667670068,8:20:00,,CNO,2018-10-17
861,1132-12M,TG,26.57568731387892,8:30:00,,CNO,2018-10-17
862,1132-12M,TG,27.98261990122173,8:40:00,,CNO,2018-10-17
863,1132-12M,TG,22.698557852748056,8:50:00,,CNO,2018-10-17
864,1132-12M,TG,5.327056246085402,9:00:00,,CNO,2018-10-17
865,1132-12M,TG,4.582543173630685,9:10:00,,CNO,2018-10-17
866,1132-12M,TG,15.581643956292586,9:20:00,,CNO,2018-10-17
867,1132-12M,TG,30.724153584594152,9:30:00,,CNO,2018-10-17
868,1132-12M,TG,26.942562063712888,9:40:00,,CNO,2018-10-17
869,1132-12M,TG,8.102119633544723,9:50:00,,CNO,2018-10-17
870,1132-12M,TG,46.83328428793885,5:00:00,,SAL,2018-10-14
871,1132-12M,TG,48.60782213419966,5:10:00,,SAL,2018-10-14
872,1132-12M,TG,34.192401839005285,5:20:00,,SAL,2018-10-14
873,1132-12M,TG,24.9680319457362,5:30:00,,SAL,2018-10-14
874,1132-12M,TG,2.5887292463163885,5:40:00,,SAL,2018-10-14
875,1132-12M,TG,2.004090857043884,5:50:00,,SAL,2018-10-14
876,1132-12M,TG,2.131616822917528,6:00:00,,SAL,2018-10-14
877,1132-12M,TG,2.178452951038763,6:10:00,,SAL,2018-10-14
878,1132-12M,TG,3.038030469254675,6:20:00,,SAL,2018-10-14
879,1132-12M,TG,24.078799175080263,6:30:00,,SAL,2018-10-14
880,1132-12M,TG,8.281830133250109,6:40:00,,SAL,2018-10-14
881,1132-12M,TG,1.4720522994903051,6:50:00,,SAL,2018-10-14
882,1132-12M,TG,4.835464064203845,7:00:00,,SAL,2018-10-14
883,1132-12M,TG,2.102087679509844,7:10:00,,SAL,2018-10-14
884,1132-12M,TG,1.6642852473007377,7:20:00,,SAL,2018-10-14
885,1132-12M,TG,1.5601553944412203,7:30:00,,SAL,2018-10-14
886,1132-12M,TG,2.770984232594045,7:40:00,,SAL,2018-10-14
887,1132-12M,TG,1.984552501349685,7:50:00,,SAL,2018-10-14
888,1132-12M,TG,2.269385987106721,8:00:00,,SAL,2018-10-14
889,1132-12M,TG,8.561049438793649,8:10:00,,SAL,2018-10-14
890,1132-12M,TG,27.50697610825359,8:20:00,,SAL,2018-10-14
891,1132-12M,TG,19.611610323283795,8:30:00,,SAL,2018-10-14
892,1132-12M,TG,3.63285914176194,8:40:00,,SAL,2018-10-14
893,1132-12M,TG,2.3419928141150947,8:50:00,,SAL,2018-10-14
894,1132-12M,TG,1.3573805633112606,9:00:00,,SAL,2018-10-14
895,1132-12M,TG,1.3300065012687527,9:10:00,,SAL,2018-10-14
896,1132-12M,TG,2.07030550369361,9:20:00,,SAL,2018-10-14
897,1132-12M,TG,1.510272192790384,9:30:00,,SAL,2018-10-14
898,1132-12M,TG,2.060679109778494,9:40:00,,SAL,2018-10-14
899,1132-12M,TG,3.932707280497562,9:50:00,,SAL,2018-10-14
900,1132-13F,TG,28.767131517346375,5:00:00,,CNO,2018-10-14
901,1132-13F,TG,46.85933208650205,5:10:00,,CNO,2018-10-14
902,1132-13F,TG,41.28689076774545,5:20:00,,CNO,2018-10-14
903,1132-13F,TG,37.53738340960388,5:30:00,,CNO,2018-10-14
904,1132-13F,TG,27.58823780931502,5:40:00,,CNO,2018-10-14
905,1132-13F,TG,25.6679913818944,5:50:00,,CNO,2018-10-14
906,1132-13F,TG,29.145433963183983,6:00:00,,CNO,2018-10-14
907,1132-13F,TG,28.785728626480648,6:10:00,,CNO,2018-10-14
908,1132-13F,TG,27.059174575275726,6:20:00,,CNO,2018-10-14
909,1132-13F,TG,9.383617900095487,6:30:00,,CNO,2018-10-14
910,1132-13F,TG,26.00087874635084,6:40:00,,CNO,2018-10-14
911,1132-13F,TG,19.756038630243783,6:50:00,,CNO,2018-10-14
912,1132-13F,TG,14.723735875236915,7:00:00,,CNO,2018-10-14
913,1132-13F,TG,18.78542395701816,7:10:00,,CNO,2018-10-14
914,1132-13F,TG,12.596741432639584,7:20:00,,CNO,2018-10-14
915,1132-13F,TG,10.962061925531437,7:30:00,,CNO,2018-10-14
916,1132-13F,TG,7.500065836266234,7:40:00,,CNO,2018-10-14
917,1132-13F,TG,18.276266976497485,7:50:00,,CNO,2018-10-14
918,1132-13F,TG,8.405808788695753,8:00:00,,CNO,2018-10-14
919,1132-13F,TG,5.180286724879456,8:10:00,,CNO,2018-10-14
920,1132-13F,TG,9.596995638110666,8:20:00,,CNO,2018-10-14
921,1132-13F,TG,11.677457157140044,8:30:00,,CNO,2018-10-14
922,1132-13F,TG,16.149969569709018,8:40:00,,CNO,2018-10-14
923,1132-13F,TG,3.821847587856698,8:50:00,,CNO,2018-10-14
924,1132-13F,TG,1.8996449362078665,9:00:00,,CNO,2018-10-14
925,1132-13F,TG,9.95865271053964,9:10:00,,CNO,2018-10-14
926,1132-13F,TG,8.307705232984482,9:20:00,,CNO,2018-10-14
927,1132-13F,TG,2.003567772823645,9:30:00,,CNO,2018-10-14
928,1132-13F,TG,12.46339688943174,9:40:00,,CNO,2018-10-14
929,1132-13F,TG,10.308448357507167,9:50:00,,CNO,2018-10-14
930,1132-13F,TG,24.874566268720823,5:00:00,,SAL,2018-10-17
931,1132-13F,TG,38.35706573549209,5:10:00,,SAL,2018-10-17
932,1132-13F,TG,22.67635824634021,5:20:00,,SAL,2018-10-17
933,1132-13F,TG,18.96213217803538,5:30:00,,SAL,2018-10-17
934,1132-13F,TG,2.2074190695722127,5:40:00,,SAL,2018-10-17
935,1132-13F,TG,1.8317949331263863,5:50:00,,SAL,2018-10-17
936,1132-13F,TG,2.508630773266892,6:00:00,,SAL,2018-10-17
937,1132-13F,TG,1.5542343493647377,6:10:00,,SAL,2018-10-17
938,1132-13F,TG,9.900089137156025,6:20:00,,SAL,2018-10-17
939,1132-13F,TG,1.9952153503821413,6:30:00,,SAL,2018-10-17
940,1132-13F,TG,2.2533038191436967,6:40:00,,SAL,2018-10-17
941,1132-13F,TG,1.9977728223225064,6:50:00,,SAL,2018-10-17
942,1132-13F,TG,2.3406175856947065,7:00:00,,SAL,2018-10-17
943,1132-13F,TG,4.199751632376093,7:10:00,,SAL,2018-10-17
944,1132-13F,TG,14.885625059412034,7:20:00,,SAL,2018-10-17
945,1132-13F,TG,3.463619664446357,7:30:00,,SAL,2018-10-17
946,1132-13F,TG,2.454564932180363,7:40:00,,SAL,2018-10-17
947,1132-13F,TG,1.8889225329588963,7:50:00,,SAL,2018-10-17
948,1132-13F,TG,4.134808449030129,8:00:00,,SAL,2018-10-17
949,1132-13F,TG,16.595456675506956,8:10:00,,SAL,2018-10-17
950,1132-13F,TG,1.878092902044906,8:20:00,,SAL,2018-10-17
951,1132-13F,TG,2.4516488169399424,8:30:00,,SAL,2018-10-17
952,1132-13F,TG,2.038417708008822,8:40:00,,SAL,2018-10-17
953,1132-13F,TG,2.9201560800309467,8:50:00,,SAL,2018-10-17
954,1132-13F,TG,1.7674901091487605,9:00:00,,SAL,2018-10-17
955,1132-13F,TG,5.574249269658117,9:10:00,,SAL,2018-10-17
956,1132-13F,TG,15.936616994024424,9:20:00,,SAL,2018-10-17
957,1132-13F,TG,17.15336760933931,9:30:00,,SAL,2018-10-17
958,1132-13F,TG,1.5187989226485046,9:40:00,,SAL,2018-10-17
959,1132-13F,TG,2.1799918631059048,9:50:00,,SAL,2018-10-17
960,1130-20F,TG,8.014511280090483,5:00:00,,CNO,2018-11-12
961,1130-20F,TG,26.41614830850411,5:10:00,,CNO,2018-11-12
962,1130-20F,TG,31.665249160406425,5:20:00,,CNO,2018-11-12
963,1130-20F,TG,38.14035159052593,5:30:00,,CNO,2018-11-12
964,1130-20F,TG,31.408847097401168,5:40:00,,CNO,2018-11-12
965,1130-20F,TG,27.90623838048781,5:50:00,,CNO,2018-11-12
966,1130-20F,TG,21.927113173504768,6:00:00,,CNO,2018-11-12
967,1130-20F,TG,27.497889255389925,6:10:00,,CNO,2018-11-12
968,1130-20F,TG,18.562816170609143,6:20:00,,CNO,2018-11-12
969,1130-20F,TG,27.00445990691707,6:30:00,,CNO,2018-11-12
970,1130-20F,TG,21.741503365737323,6:40:00,,CNO,2018-11-12
971,1130-20F,TG,18.49904042252049,6:50:00,,CNO,2018-11-12
972,1130-20F,TG,16.8125138143105,7:00:00,,CNO,2018-11-12
973,1130-20F,TG,19.823654010886035,7:10:00,,CNO,2018-11-12
974,1130-20F,TG,20.220565062416146,7:20:00,,CNO,2018-11-12
975,1130-20F,TG,21.079227592007484,7:30:00,,CNO,2018-11-12
976,1130-20F,TG,19.81198682750177,7:40:00,,CNO,2018-11-12
977,1130-20F,TG,11.34838895098523,7:50:00,,CNO,2018-11-12
978,1130-20F,TG,11.771472165625502,8:00:00,,CNO,2018-11-12
979,1130-20F,TG,20.5882078348973,8:10:00,,CNO,2018-11-12
980,1130-20F,TG,15.442470112558658,8:20:00,,CNO,2018-11-12
981,1130-20F,TG,13.586108708292498,8:30:00,,CNO,2018-11-12
982,1130-20F,TG,12.68194013293624,8:40:00,,CNO,2018-11-12
983,1130-20F,TG,5.285618903950839,8:50:00,,CNO,2018-11-12
984,1130-20F,TG,4.98279283158109,9:00:00,,CNO,2018-11-12
985,1130-20F,TG,22.49329681035333,9:10:00,,CNO,2018-11-12
986,1130-20F,TG,16.842867997807257,9:20:00,,CNO,2018-11-12
987,1130-20F,TG,2.86297398577737,9:30:00,,CNO,2018-11-12
988,1130-20F,TG,7.381033808330423,9:40:00,,CNO,2018-11-12
989,1130-20F,TG,16.07933750144141,9:50:00,,CNO,2018-11-12
990,1130-20F,TG,25.172829525868064,5:00:00,,SAL,2018-11-08
991,1130-20F,TG,18.23157390747343,5:10:00,,SAL,2018-11-08
992,1130-20F,TG,12.2533880590737,5:20:00,,SAL,2018-11-08
993,1130-20F,TG,12.298642966991032,5:30:00,,SAL,2018-11-08
994,1130-20F,TG,16.481602221133645,5:40:00,,SAL,2018-11-08
995,1130-20F,TG,12.07782625412774,5:50:00,,SAL,2018-11-08
996,1130-20F,TG,3.395067044995658,6:00:00,,SAL,2018-11-08
997,1130-20F,TG,1.1758209026208046,6:10:00,,SAL,2018-11-08
998,1130-20F,TG,3.6534670388927672,6:20:00,,SAL,2018-11-08
999,1130-20F,TG,1.7058450368059903,6:30:00,,SAL,2018-11-08
1000,1130-20F,TG,1.3337389951241732,6:40:00,,SAL,2018-11-08
1001,1130-20F,TG,2.467150475354537,6:50:00,,SAL,2018-11-08
1002,1130-20F,TG,8.115990609366143,7:00:00,,SAL,2018-11-08
1003,1130-20F,TG,9.649153012411077,7:10:00,,SAL,2018-11-08
1004,1130-20F,TG,2.2768744533100134,7:20:00,,SAL,2018-11-08
1005,1130-20F,TG,3.257483828658099,7:30:00,,SAL,2018-11-08
1006,1130-20F,TG,8.975224485070772,7:40:00,,SAL,2018-11-08
1007,1130-20F,TG,2.055968478299524,7:50:00,,SAL,2018-11-08
1008,1130-20F,TG,3.340012921005162,8:00:00,,SAL,2018-11-08
1009,1130-20F,TG,20.19705387551836,8:10:00,,SAL,2018-11-08
1010,1130-20F,TG,7.339578690781581,8:20:00,,SAL,2018-11-08
1011,1130-20F,TG,1.7729931906386418,8:30:00,,SAL,2018-11-08
1012,1130-20F,TG,2.3250648997608927,8:40:00,,SAL,2018-11-08
1013,1130-20F,TG,2.1632641236111163,8:50:00,,SAL,2018-11-08
1014,1130-20F,TG,2.148989681026661,9:00:00,,SAL,2018-11-08
1015,1130-20F,TG,1.8031685930723669,9:10:00,,SAL,2018-11-08
1016,1130-20F,TG,2.23079545334396,9:20:00,,SAL,2018-11-08
1017,1130-20F,TG,2.31133586883639,9:30:00,,SAL,2018-11-08
1018,1130-20F,TG,11.427388488138336,9:40:00,,SAL,2018-11-08
1019,1130-20F,TG,14.675256812508064,9:50:00,,SAL,2018-11-08
1020,1131-8F,TG,8.821700456008475,5:00:00,,CNO,2018-11-12
1021,1131-8F,TG,25.475957846188507,5:10:00,,CNO,2018-11-12
1022,1131-8F,TG,31.044653729098847,5:20:00,,CNO,2018-11-12
1023,1131-8F,TG,33.05803427704979,5:30:00,,CNO,2018-11-12
1024,1131-8F,TG,30.49165631817836,5:40:00,,CNO,2018-11-12
1025,1131-8F,TG,26.57042657953618,5:50:00,,CNO,2018-11-12
1026,1131-8F,TG,23.825662520011203,6:00:00,,CNO,2018-11-12
1027,1131-8F,TG,20.205527331510744,6:10:00,,CNO,2018-11-12
1028,1131-8F,TG,22.429833497328666,6:20:00,,CNO,2018-11-12
1029,1131-8F,TG,18.712999837737726,6:30:00,,CNO,2018-11-12
1030,1131-8F,TG,17.084741967053393,6:40:00,,CNO,2018-11-12
1031,1131-8F,TG,16.343192315299376,6:50:00,,CNO,2018-11-12
1032,1131-8F,TG,9.951102480836816,7:00:00,,CNO,2018-11-12
1033,1131-8F,TG,19.99969795223351,7:10:00,,CNO,2018-11-12
1034,1131-8F,TG,14.12090422737503,7:20:00,,CNO,2018-11-12
1035,1131-8F,TG,8.652067484253243,7:30:00,,CNO,2018-11-12
1036,1131-8F,TG,4.7116428620265935,7:40:00,,CNO,2018-11-12
1037,1131-8F,TG,16.260510218579466,7:50:00,,CNO,2018-11-12
1038,1131-8F,TG,14.93017940755289,8:00:00,,CNO,2018-11-12
1039,1131-8F,TG,4.726990362940183,8:10:00,,CNO,2018-11-12
1040,1131-8F,TG,5.317097986662409,8:20:00,,CNO,2018-11-12
1041,1131-8F,TG,12.326800065631836,8:30:00,,CNO,2018-11-12
1042,1131-8F,TG,17.72856600049359,8:40:00,,CNO,2018-11-12
1043,1131-8F,TG,4.929373138080896,8:50:00,,CNO,2018-11-12
1044,1131-8F,TG,2.116665581285565,9:00:00,,CNO,2018-11-12
1045,1131-8F,TG,10.99482280126768,9:10:00,,CNO,2018-11-12
1046,1131-8F,TG,8.41361312885357,9:20:00,,CNO,2018-11-12
1047,1131-8F,TG,6.31769450441829,9:30:00,,CNO,2018-11-12
1048,1131-8F,TG,17.433734356428502,9:40:00,,CNO,2018-11-12
1049,1131-8F,TG,13.686788801280326,9:50:00,,CNO,2018-11-12
1050,1131-8F,TG,19.72331144463418,5:00:00,,SAL,2018-11-08
1051,1131-8F,TG,28.021976517801612,5:10:00,,SAL,2018-11-08
1052,1131-8F,TG,15.079651545277155,5:20:00,,SAL,2018-11-08
1053,1131-8F,TG,11.443436731509264,5:30:00,,SAL,2018-11-08
1054,1131-8F,TG,14.195950240459869,5:40:00,,SAL,2018-11-08
1055,1131-8F,TG,1.457067064719927,5:50:00,,SAL,2018-11-08
1056,1131-8F,TG,1.3164252867772768,6:00:00,,SAL,2018-11-08
1057,1131-8F,TG,1.4778257554967735,6:10:00,,SAL,2018-11-08
1058,1131-8F,TG,1.4549260768312036,6:20:00,,SAL,2018-11-08
1059,1131-8F,TG,1.3482607466228245,6:30:00,,SAL,2018-11-08
1060,1131-8F,TG,13.372554391342703,6:40:00,,SAL,2018-11-08
1061,1131-8F,TG,5.695262679127386,6:50:00,,SAL,2018-11-08
1062,1131-8F,TG,1.6434499881873326,7:00:00,,SAL,2018-11-08
1063,1131-8F,TG,1.7963344065230689,7:10:00,,SAL,2018-11-08
1064,1131-8F,TG,1.502664078979115,7:20:00,,SAL,2018-11-08
1065,1131-8F,TG,1.2888811085449947,7:30:00,,SAL,2018-11-08
1066,1131-8F,TG,1.5852923301204918,7:40:00,,SAL,2018-11-08
1067,1131-8F,TG,1.2337330999698897,7:50:00,,SAL,2018-11-08
1068,1131-8F,TG,3.0665198157896274,8:00:00,,SAL,2018-11-08
1069,1131-8F,TG,11.448140897960496,8:10:00,,SAL,2018-11-08
1070,1131-8F,TG,17.356884066810192,8:20:00,,SAL,2018-11-08
1071,1131-8F,TG,16.04181359192096,8:30:00,,SAL,2018-11-08
1072,1131-8F,TG,2.6174884223785613,8:40:00,,SAL,2018-11-08
1073,1131-8F,TG,1.478184669075202,8:50:00,,SAL,2018-11-08
1074,1131-8F,TG,1.899183283682584,9:00:00,,SAL,2018-11-08
1075,1131-8F,TG,1.8466591819936145,9:10:00,,SAL,2018-11-08
1076,1131-8F,TG,2.112568534170654,9:20:00,,SAL,2018-11-08
1077,1131-8F,TG,1.5016440565931182,9:30:00,,SAL,2018-11-08
1078,1131-8F,TG,1.275694860728225,9:40:00,,SAL,2018-11-08
1079,1131-8F,TG,1.6416052783304045,9:50:00,,SAL,2018-11-08
1080,1132-15M,TG,12.301465286458075,5:00:00,,CNO,2018-11-08
1081,1132-15M,TG,24.35496347053009,5:10:00,,CNO,2018-11-08
1082,1132-15M,TG,49.70999274807439,5:20:00,,CNO,2018-11-08
1083,1132-15M,TG,84.70234487114064,5:30:00,,CNO,2018-11-08
1084,1132-15M,TG,64.74854978674838,5:40:00,,CNO,2018-11-08
1085,1132-15M,TG,43.40195748780038,5:50:00,,CNO,2018-11-08
1086,1132-15M,TG,40.30794297777495,6:00:00,,CNO,2018-11-08
1087,1132-15M,TG,51.28378442202357,6:10:00,,CNO,2018-11-08
1088,1132-15M,TG,36.94648143931703,6:20:00,,CNO,2018-11-08
1089,1132-15M,TG,43.121848184122335,6:30:00,,CNO,2018-11-08
1090,1132-15M,TG,27.03995639759269,6:40:00,,CNO,2018-11-08
1091,1132-15M,TG,25.85456486926677,6:50:00,,CNO,2018-11-08
1092,1132-15M,TG,25.754694984263143,7:00:00,,CNO,2018-11-08
1093,1132-15M,TG,24.29034764419394,7:10:00,,CNO,2018-11-08
1094,1132-15M,TG,30.54405842072697,7:20:00,,CNO,2018-11-08
1095,1132-15M,TG,29.906004991507476,7:30:00,,CNO,2018-11-08
1096,1132-15M,TG,14.682601954660766,7:40:00,,CNO,2018-11-08
1097,1132-15M,TG,38.68191282462645,7:50:00,,CNO,2018-11-08
1098,1132-15M,TG,16.78657569583126,8:00:00,,CNO,2018-11-08
1099,1132-15M,TG,38.18800237579151,8:10:00,,CNO,2018-11-08
1100,1132-15M,TG,22.79859825507293,8:20:00,,CNO,2018-11-08
1101,1132-15M,TG,22.420694666514056,8:30:00,,CNO,2018-11-08
1102,1132-15M,TG,15.385179339465951,8:40:00,,CNO,2018-11-08
1103,1132-15M,TG,6.153279155389685,8:50:00,,CNO,2018-11-08
1104,1132-15M,TG,2.6991715339635256,9:00:00,,CNO,2018-11-08
1105,1132-15M,TG,3.0781308975072044,9:10:00,,CNO,2018-11-08
1106,1132-15M,TG,21.655062582766316,9:20:00,,CNO,2018-11-08
1107,1132-15M,TG,24.618320738707254,9:30:00,,CNO,2018-11-08
1108,1132-15M,TG,33.03425652843724,9:40:00,,CNO,2018-11-08
1109,1132-15M,TG,11.148480024366254,9:50:00,,CNO,2018-11-08
1110,1132-15M,TG,5.800415249832492,5:00:00,,SAL,2018-11-12
1111,1132-15M,TG,9.802113924408324,5:10:00,,SAL,2018-11-12
1112,1132-15M,TG,39.23979359648952,5:20:00,,SAL,2018-11-12
1113,1132-15M,TG,46.34016637876878,5:30:00,,SAL,2018-11-12
1114,1132-15M,TG,57.87384186504981,5:40:00,,SAL,2018-11-12
1115,1132-15M,TG,27.849764773847543,5:50:00,,SAL,2018-11-12
1116,1132-15M,TG,4.220197933373589,6:00:00,,SAL,2018-11-12
1117,1132-15M,TG,12.017399561460143,6:10:00,,SAL,2018-11-12
1118,1132-15M,TG,27.30540834723708,6:20:00,,SAL,2018-11-12
1119,1132-15M,TG,15.79244964882293,6:30:00,,SAL,2018-11-12
1120,1132-15M,TG,1.6414628120549488,6:40:00,,SAL,2018-11-12
1121,1132-15M,TG,1.8471970537476248,6:50:00,,SAL,2018-11-12
1122,1132-15M,TG,1.6471226177465166,7:00:00,,SAL,2018-11-12
1123,1132-15M,TG,4.040840763661503,7:10:00,,SAL,2018-11-12
1124,1132-15M,TG,1.756924714208865,7:20:00,,SAL,2018-11-12
1125,1132-15M,TG,13.333044734789397,7:30:00,,SAL,2018-11-12
1126,1132-15M,TG,21.41919864070162,7:40:00,,SAL,2018-11-12
1127,1132-15M,TG,22.55890248250039,7:50:00,,SAL,2018-11-12
1128,1132-15M,TG,18.513736049132127,8:00:00,,SAL,2018-11-12
1129,1132-15M,TG,1.4901526452920058,8:10:00,,SAL,2018-11-12
1130,1132-15M,TG,1.429218294145481,8:20:00,,SAL,2018-11-12
1131,1132-15M,TG,1.483056582729932,8:30:00,,SAL,2018-11-12
1132,1132-15M,TG,1.5852240316128945,8:40:00,,SAL,2018-11-12
1133,1132-15M,TG,2.8763580715626498,8:50:00,,SAL,2018-11-12
1134,1132-15M,TG,1.4545985458275703,9:00:00,,SAL,2018-11-12
1135,1132-15M,TG,1.600738847449476,9:10:00,,SAL,2018-11-12
1136,1132-15M,TG,2.0393959346405595,9:20:00,,SAL,2018-11-12
1137,1132-15M,TG,2.1525726573471147,9:30:00,,SAL,2018-11-12
1138,1132-15M,TG,1.5450822650333484,9:40:00,,SAL,2018-11-12
1139,1132-15M,TG,2.1840362238837185,9:50:00,,SAL,2018-11-12
